ADDRESS,LIST_PRICE,SOLD_ON,SELL_PRICE,DOM,BDRMS,BDRMS+,SIZE_SQFT,AGE,STYLE,BSMT,ASS_YR,ASS_AMT,TAX_YR,TAX_AMT,LOT_DPTH,LOT_FRNT,PARCEL_NO,COMMUNITY,TYPE,LAT,LON
1 DARBY ROAD,799900,21-Sep-21,961000,4,4,,1500,50,2-Storey,Full,,,2021,5061.76,110.05,58.51,-,Onward Willow,ResidentialProperty,43.5219349,-80.2804549
1 EASTVIEW ROAD,774900,17-Jul-21,890000,4,3,,,,Bungalow,Finished,,,2021,4685,66.56,128,-,Grange Hill East,ResidentialProperty,43.564967,-80.24186
1 FERNBANK PLACE,1199900,17-Sep-21,1385000,6,3,,2000,50,2-Storey,Finished,2021,544000,2021,6110,,93,-,Kortright Hills,ResidentialProperty,43.502716,-80.237331
1 PORTER DRIVE,989888,17-May-21,1065000,7,4,2,,,2-Storey,Finished,,,2021,6042,,48.75,-,Pine Ridge,ResidentialProperty,43.506626,-80.189371
1 SIMMONDS DRIVE,899900,26-May-21,999000,5,3,,2000,15,2-Storey,Finished,,,2021,5053,115,47,713581046,Brant,ResidentialProperty,43.5791034,-80.269716
1 SINCLAIR STREET,899999,21-Sep-21,900000,6,3,,,,2-Storey,Finished,2021,427000,2021,4878,82,38,711861547,Guelph South,ResidentialProperty,43.5064071,-80.1860378
1 STIRLING PLACE,689000,03-May-21,690000,4,3,,1100,50,Sidesplit 3,Finished,2021,326000,2020,3660.47,62.94,100,712950049,June Avenue,ResidentialProperty,43.5569591,-80.2806073
1 WESTHILL ROAD,789900,28-May-21,790000,9,3,1,1100,50,2-Storey,Finished,2021,364000,2020,4259,72.14,95.01,-,West Willow Woods,ResidentialProperty,43.5290665,-80.2873682
10 BRIGHT LANE,1475000,09-Oct-21,1625000,4,4,,2500,15,2-Storey,Finished,2021,762000,2021,8706.68,105,54,-,Guelph South,ResidentialProperty,43.51570472,-80.1842601
10 EDWIN STREET,849900,14-May-21,845000,7,6,3,,100,2 1/2 Storey,Full,,,2021,5153.84,53,42,-,Exhibition Park,ResidentialProperty,43.5495119,-80.2564788
10 EMSLIE STREET,699900,03-Nov-21,729000,15,4,,1500,100,2-Storey,Full,,,2021,4890,75,44,-,Central West,ResidentialProperty,43.5374801,-80.2524256
10 KIPLING AVENUE,879900,28-Sep-21,1009000,6,4,,1500,50,Backsplit 3,Part Bsmt,2021,474000,2021,5415.97,120,49.21,712670230,West Willow Woods,ResidentialProperty,43.5308009,-80.2955043
10 MAUDE LANE,779900,08-May-21,815000,5,3,,,15,2-Storey,Full,,,2020,4603.65,119.75,30.09,713560829,Grange Hill East,ResidentialProperty,43.58007984,-80.22323251
10 MCINTYRE COURT,1339950,16-Oct-21,1350000,8,4,1,,5,2-Storey,Apartment,,,2021,6238.65,104.11,32.9,-,Guelph South,ResidentialProperty,43.5052191,-80.1803894
10 PALMER STREET,699000,05-Sep-21,645000,118,2,,,,Bungalow,Unfinished,,,2021,4008.54,72,33.33,-,Central East,ResidentialProperty,43.5497119,-80.2485057
10 WHISPERING RIDGE,699500,17-Nov-21,720000,16,3,,1500,50,Bungalow,Fin W/O,,,2021,3702.05,100,30,-,Kortright Hills,ResidentialProperty,43.51444927,-80.23596569
100 EMMA STREET,499900,07-Dec-21,576100,7,3,,,99,1 1/2 Storey,Part Fin,,,2021,3537,100,57.85,-,Central West,ResidentialProperty,43.56135071,-80.25788724
101 COULING CRESCENT SOUTH,1200000,19-Nov-21,1425000,1,4,,2000,15,2-Storey,Finished,2021,577000,2021,6592.85,196,32,-,Grange Hill East,ResidentialProperty,,
102 FLAHERTY DRIVE,899000,29-Oct-21,1030000,1,3,2,,,Bungalow,Fin W/O,,,2020,5712,,50.79,-,West Willow Woods,ResidentialProperty,43.52956826,-80.30511895
104 LOVETT LANE,1199000,04-Aug-21,1151000,14,3,,1500,5,2-Storey,Full,,,2021,5107,106,36,-,Hanlon Creek,ResidentialProperty,43.5150129,-80.2127747
106 DALLAN DRIVE,1549000,11-Aug-21,1465000,30,4,,2000,5,2-Storey,Finished,,,2020,6490.02,88.42,39.37,-,Guelph South,ResidentialProperty,43.5040011,-80.1799479
107 SPEEDVALE AVENUE WEST,799000,10-May-21,850000,4,3,3,,99,Bungalow,Apartment,,,2020,4098.37,126,66.1,712960086,June Avenue,ResidentialProperty,43.55366335,-80.27504241
107 TEAL DRIVE,999999,18-Sep-21,1175000,3,3,1,2000,30,2-Storey,Apartment,,,2021,6238,131,40,-,Kortright Hills,ResidentialProperty,43.49780905,-80.2263334
108 KORTRIGHT ROAD EAST,1508700,26-Oct-21,1495000,12,3,1,2500,15,2-Storey,Finished,2021,679000,2021,7758.32,140,53,715050626,Village,ResidentialProperty,43.52973358,-80.2072623
108 SHERIDAN STREET,750000,12-Sep-21,910000,4,3,2,1100,99,Bungalow,Finished,2021,397000,2021,4536.16,104,71.13,713050098,Waverley,ResidentialProperty,43.57327353,-80.2557175
109 SUFFOLK STREET WEST,1199000,11-May-21,1355000,12,4,,3500,100,2-Storey,Unfinished,,,2020,8769.4,106.5,53.08,712920067,Exhibition Park,ResidentialProperty,43.54554736,-80.25863201
11 BRADY LANE,1000000,25-Oct-21,1230000,5,4,2,2000,50,2-Storey,Finished,,,2021,6901,,115.81,-,Village,ResidentialProperty,43.52241375,-80.21076028
11 DUCK LANE,1175000,05-Nov-21,1280000,2,3,1,,,2-Storey,Finished,2021,533000,2021,6090.11,109,36,-,Guelph South,ResidentialProperty,43.51117498,-80.17914575
11 HENDERSON DRIVE,899000,28-Aug-21,908000,23,3,,1500,15,2-Storey,Finished,,,2021,5016.05,114,31,713560616,Grange Hill East,ResidentialProperty,43.57823494,-80.22041865
11 MCCURDY ROAD,824900,25-Oct-21,905000,5,3,,1500,15,2-Storey,Finished,,,2021,4479.03,131,31,-,Kortright Hills,ResidentialProperty,43.5124985,-80.211692
11 MILLER STREET,1200000,16-Nov-21,1410000,5,4,1,2500,30,2-Storey,Finished,2021,595000,2021,6799,105,44.95,711861138,Pine Ridge,ResidentialProperty,43.516237,-80.18803943
11 RYDE ROAD,750000,24-Nov-21,912500,6,3,,,,2-Storey,Finished,2021,352000,2021,4021.98,110,33,712590281,West Willow Woods,ResidentialProperty,43.52772428,-80.28147074
11 SHIRLEY AVENUE,850000,16-Nov-21,1106000,6,4,,1100,99,2-Storey,Finished,2021,407000,2021,4650,100,89,713250054,Central East,ResidentialProperty,43.5581783,-80.245998
11 WEIR DRIVE,1149999,01-Jun-21,1150000,4,4,,2000,30,2-Storey,Full,,,2021,6250,,79,-,Kortright Hills,ResidentialProperty,43.49837299,-80.23908905
11 WESTMINSTER AVENUE,849900,31-Aug-21,864900,6,4,,1500,99,Sidesplit 4,Part Fin,,,2021,4443.3,100,61.55,-,Central East,ResidentialProperty,43.56578126,-80.24531484
11 WILKIE CRESCENT,799900,16-Aug-21,875000,5,3,,,,2-Storey,Finished,2021,412000,2021,412000,110,30,-,Guelph South,ResidentialProperty,43.50797959,-80.18069534
111 LANE STREET,895000,16-May-21,905000,4,3,1,,,2-Storey,Unfinished,,,2020,5300,154.68,79,-,Two Rivers,ResidentialProperty,43.557355,-80.2433765
111 PTARMIGAN DRIVE,1489900,25-Oct-21,1500000,12,3,,2500,30,2-Storey,Finished,,,2021,7040.21,199.47,59.05,712170003,Kortright Hills,ResidentialProperty,43.50341383,-80.24587117
111 STEVENSON STREET NORTH,524000,10-Jun-21,551000,1,4,,1100,,1 1/2 Storey,Full,,,2020,4143,241.5,36.52,-,Central East,ResidentialProperty,43.55630124,-80.23894454
113 GRANGE STREET,739900,06-Aug-21,719000,25,2,,1100,100,Bungalow,Full,2021,335000,2021,3827.74,165,59.51,-,Central East,ResidentialProperty,43.5536137,-80.2392279
114 BAXTER DRIVE,1299000,07-Oct-21,1335000,1,4,,2500,15,2-Storey,Full,,,2021,6878.51,110.83,37.53,-,Pine Ridge,ResidentialProperty,43.51298603,-80.17672273
114 WILLIAM STREET,799900,02-Jun-21,800000,8,2,1,1100,99,Bungalow,Finished,,,2020,3795.21,101.37,56.64,-,Central East,ResidentialProperty,43.56059782,-80.24265774
118 QUEEN STREET,1250000,18-May-21,1370000,7,4,1,2000,100,2 1/2 Storey,Finished,,,2020,5457,114,30,-,Waverley,ResidentialProperty,43.6219583,-80.1430048
12 BAILEY AVENUE,899900,08-Dec-21,1110000,8,4,1,1500,30,2-Storey,Finished,,,2021,5199,136.84,30.18,713020117,June Avenue,ResidentialProperty,43.55831576,-80.27297414
12 BRADY LANE,1195000,09-Nov-21,1195000,5,3,2,2500,50,2-Storey,Finished,2021,705000,2021,8055.39,,50,715040031,Village,ResidentialProperty,43.52239875,-80.21104561
122 GRANGE STREET,795000,20-Oct-21,770000,41,4,,1500,100,Bungalow,Full,2020,376000,2021,4296.21,97,66.48,713340096,Central East,ResidentialProperty,43.5538623,-80.239234
122 YORKSHIRE STREET NORTH,850000,25-Jun-21,835000,34,4,,,,2-Storey,Full,2021,409000,2020,4592,72,39.89,712890083,Central West,ResidentialProperty,43.54230634,-80.25805894
124 GLASGOW STREET NORTH,1249900,10-May-21,1525000,6,4,2,2500,15,2-Storey,Finished,2021,613000,2021,6883.02,102.91,50,712910200,Exhibition Park,ResidentialProperty,43.5449532,-80.2575799
124 KORTRIGHT ROAD WEST,628888,06-May-21,736888,7,3,5,1500,,2-Storey,Finished,,,2020,4558,109.91,49.77,-,Kortright Hills,ResidentialProperty,43.51605241,-80.21737589
125 ARTHUR STREET NORTH,599000,18-Jun-21,640000,8,2,,700,99,Bungalow,Crawl Space,,,2020,4839.45,,89,713220029,Central East,ResidentialProperty,43.5495298,-80.2488414
126 ARTHUR STREET NORTH,849900,07-Jun-21,975669,6,1,,1500,100,2-Storey,Full,,,2021,5431,159,33,-,Exhibition Park,ResidentialProperty,43.54928764,-80.249102
126 IRONWOOD DRIVE,698000,13-Nov-21,695000,16,3,,,,2-Storey,Finished,,,2021,3347.84,71,50,-,Grange Hill East,ResidentialProperty,,
127 IRONWOOD ROAD,680000,04-Jun-21,675000,28,3,2,1100,,2-Storey,Finished,,,2020,3727.84,112.56,29.86,-,Hanlon Creek,ResidentialProperty,43.51490927,-80.23251394
127 KINGSMILL AVENUE,599900,02-Jul-21,645000,9,2,1,700,100,1 1/2 Storey,Full,2021,287000,2020,3279.29,78.33,30,712370492,Two Rivers,ResidentialProperty,43.54879657,-80.22468981
127 PTARMIGAN DRIVE,775000,30-Aug-21,785100,13,3,,1100,,2-Storey,Part Fin,,,2021,4261.93,170.6,32.15,714890109,Kortright Hills,ResidentialProperty,43.50417768,-80.24623548
13 DURHAM STREET,1150000,16-Jul-21,1100000,16,4,,1500,100,2-Storey,Full,2021,507000,2021,5793,104,74,712880135,Central West,ResidentialProperty,43.5425746,-80.2528742
13 PETER AVENUE,599900,04-May-21,762500,6,2,,700,99,1 1/2 Storey,Full,,,2021,3593,92,53,-,Waverley,ResidentialProperty,43.55987821,-80.26072053
130 ALICE STREET,509900,31-Aug-21,576000,7,3,,,,Bungalow,Full,,,2021,2879.38,105.25,33.01,713420160,Central East,ResidentialProperty,43.54808825,-80.23570554
130 ARTHUR STREET NORTH,1124000,16-Nov-21,1229000,11,2,1,1100,100,Bungalow,Fin W/O,2021,558000,2021,6375.75,159,45,713360011,Two Rivers,ResidentialProperty,43.54930758,-80.2493251
137 COUNTRY CLUB DRIVE,649900,22-Sep-21,830000,6,2,1,700,,Bungalow,Finished,,,2021,3667.77,115,55,-,Two Rivers,ResidentialProperty,43.5738636,-80.26916683
137 RODGERS ROAD,599900,15-Nov-21,732000,5,3,,1100,30,2-Storey,Full,2021,361000,2021,4124.82,,26,714900875,Hanlon Creek,ResidentialProperty,43.511621,-80.217165
138 DOWNEY ROAD,1149000,15-Jul-21,1130000,7,4,,2000,50,2-Storey,Finished,2021,523000,2021,5976,138,59,712190044,Kortright Hills,ResidentialProperty,43.49865143,-80.23498455
14 COLLINGWOOD STREET,699900,09-Oct-21,735000,2,3,,,,1 1/2 Storey,Finished,2021,329000,2021,3759.18,110,52,713080137,Waverley,ResidentialProperty,43.56638655,-80.26383832
14 EMENY LANE,1599000,21-Aug-21,1400000,96,4,1,3000,0,2-Storey,W/O,,,2021,9038.04,83.67,57.15,-,Kortright Hills,ResidentialProperty,43.5180321,-80.2013607
14 FORSTER DRIVE,1299000,07-May-21,1485000,8,5,,2500,50,2-Storey,Finished,2021,708000,2021,7958,125,62,715050204,Village,ResidentialProperty,43.525669,-80.21081
14 HOLLYBERRY PLACE,839900,06-May-21,960069,6,3,,1500,50,2-Storey,Full,2021,449000,2020,5041.56,106,35.53,712540607,Parkwood Gardens,ResidentialProperty,43.52172,-80.2814762
14 LAURINE AVENUE,449900,25-Aug-21,550000,6,2,,700,,Bungalow,Sep Entrance,,,2020,2728.51,104,35.01,-,Two Rivers,ResidentialProperty,43.5548233,-80.2416867
14 LOCKYER ROAD,1200000,13-Jul-21,1350000,5,5,,2000,99,2-Storey,Full,2021,587000,2021,6707.11,150,83.99,-,Old University,ResidentialProperty,43.5276286,-80.2467508
14 PRIMROSE LANE,869000,29-Jul-21,940000,3,4,,1500,30,Backsplit 4,Finished,2021,428000,2021,4805.77,,51.91,712630041,West Willow Woods,ResidentialProperty,43.5337356,-80.291963
14 TRUESDALE CRESCENT,799900,15-Jun-21,800000,19,5,,1100,,2 1/2 Storey,Full,,,2020,4210.66,103.77,30.18,-,Hanlon Creek,ResidentialProperty,43.51348346,-80.2092308
143 DEERPATH DRIVE,799900,17-May-21,911000,5,3,,,30,2-Storey,Finished,,,2020,5100,116.48,43.11,-,Parkwood Gardens,ResidentialProperty,43.52761025,-80.27005524
143 ELMIRA ROAD,848888,07-Dec-21,1235000,1,4,2,2500,30,2-Storey,Finished,2021,523000,2021,5976,123.32,49,2389,West Willow Woods,ResidentialProperty,,
145 SUFFOLK STREET WEST,938000,24-Aug-21,870000,43,2,,1100,100,Bungalow,Full,2021,431000,2021,4924.64,98,59,712920038,Central West,ResidentialProperty,43.5448711,-80.25989188
147 KING STREET,1349900,07-Oct-21,1325000,7,4,,1500,,2 1/2 Storey,Full,2021,427000,2021,5873,100,72,73190280,Two Rivers,ResidentialProperty,43.5521235,-80.2514196
149 FIFE ROAD,700000,12-Jul-21,740000,5,4,,1500,50,2-Storey,Full,2021,412000,2021,4707.55,139,50,-,West Willow Woods,ResidentialProperty,43.51457923,-80.27485402
15 DUCK LANE,999999,18-May-21,1140000,21,4,1,,,2-Storey,Fin W/O,,,2020,5626,,36,-,Pine Ridge,ResidentialProperty,43.5114025,-80.1788685
15 LAVERNE AVENUE,799900,16-Jul-21,753598,22,3,1,,,Bungalow,Sep Entrance,,,2020,3682.93,117,55,-,Brant,ResidentialProperty,43.56330828,-80.24601541
15 LONSDALE DRIVE,689900,07-Jun-21,850000,4,3,,1100,99,Sidesplit 3,Finished,2021,342000,2021,3907.72,100,56,712950148,Exhibition Park,ResidentialProperty,43.55349453,-80.27869525
152 PAISLEY STREET,749900,21-Oct-21,800000,8,3,,1100,100,2 1/2 Storey,Full,2021,389000,2021,4444.75,122,36,712890080,Central West,ResidentialProperty,43.54243509,-80.25850242
152 WAVERLEY DRIVE,699000,09-Jul-21,682888,11,3,,700,50,Bungalow,Sep Entrance,2021,318000,2021,3793,110,50,-,Waverley,ResidentialProperty,43.5728871,-80.257465
154 ALICE STREET,499500,26-Oct-21,400000,12,2,,,100,Bungalow,Unfinished,,,2020,2092.56,48.42,27.58,713420174,Two Rivers,ResidentialProperty,43.54864962,-80.23491942
154 CLAIRFIELDS DRIVE WEST,899999,31-May-21,880000,11,3,1,2000,30,Backsplit 3,Full,,,2020,5313.13,110,40,-,Pine Ridge,ResidentialProperty,43.4982691,-80.19917983
154 GOODWIN DRIVE,1129000,13-Jul-21,1220000,5,3,,3000,30,2 1/2 Storey,Finished,2021,614000,2020,7236,117,40,71186235,Clairfields,ResidentialProperty,43.510373,-80.179034
158 YORK ROAD,499900,12-Oct-21,581000,8,2,,700,100,Bungalow,Part Bsmt,2021,197000,2021,2200,58,38,713400080,Two Rivers,ResidentialProperty,43.5438873,-80.2350662
16 BLAIR DRIVE,1099990,21-Nov-21,1180000,6,4,2,,,2-Storey,Finished,,,2021,5518.8,104.99,40.03,711860941,Pine Ridge,ResidentialProperty,43.51088443,-80.1870418
16 GORMAN COURT,1249000,26-May-21,1138000,20,4,2,2000,5,2-Storey,Finished,,,2021,5954.48,100.45,27.49,-,West Willow Woods,ResidentialProperty,,
16 ISLINGTON AVENUE,749000,14-Oct-21,889000,1,3,1,,50,Sidesplit 4,Part Fin,,,2021,4207.6,,45.27,713580671,Waverley,ResidentialProperty,43.5778368,-80.26312191
16 ONTARIO STREET,538800,08-Nov-21,530000,8,2,,,,Bungalow,Crawl Space,,,2021,1954,117,41,713400014,Two Rivers,ResidentialProperty,43.54438343,-80.24000717
16 SLOAN AVENUE,599000,06-Sep-21,715000,4,3,2,1100,,Bungalow-Raised,Fin W/O,,,2021,3713.48,91.25,42.19,713440107,Grange Hill East,ResidentialProperty,43.55801112,-80.21780114
16 SOUTHCREEK TRAIL,649900,24-Aug-21,850000,4,3,,,30,2-Storey,Unfinished,,,2021,4044.84,113.9,33.96,714900462,Kortright Hills,ResidentialProperty,43.51076651,-80.21657632
16 TIFFANY STREET EAST,595000,15-Jun-21,655000,7,3,,1100,100,2-Storey,Part Bsmt,2021,367000,2020,3772.75,67.33,21.17,713190168,Exhibition Park,ResidentialProperty,43.55300651,-80.25968355
165 DIMSON AVENUE,1275000,06-May-21,1425000,7,3,1,2000,,Bungalow,Full,,,2020,7612.86,131.03,69.88,-,Village,ResidentialProperty,43.526676,-80.21655898
168 LONDON ROAD WEST,599000,19-Oct-21,715000,6,2,1,1100,100,1 1/2 Storey,Finished,,,2021,3042.16,99,36.69,712930060,Exhibition Park,ResidentialProperty,43.54623368,-80.26201306
168 VICTORIA AVENUE NORTH,499900,06-Oct-21,678000,7,4,,,99,Bungalow,Full,,,2021,3576.37,138,50,-,Central East,ResidentialProperty,,
169 DALLAN DRIVE,1089000,22-May-21,1090000,25,4,2,2000,5,2-Storey,Finished,,,2021,5939.84,104.99,29.53,-,Guelph South,ResidentialProperty,43.5040011,-80.1799479
17 BRYDGES COURT,729000,02-May-21,785000,5,3,,,30,2-Storey,Part Fin,,,2020,4132.06,111.02,29.66,714930522,Grange Hill East,ResidentialProperty,43.5709229,-80.22237365
17 DOMINION DRIVE,1175000,22-Aug-21,1131000,17,4,1,2000,15,2-Storey,Finished,,,2021,6364.38,110,38.48,711862507,Pine Ridge,ResidentialProperty,43.51175133,-80.17917
17 FAIRMEADOW DRIVE,850000,19-Oct-21,920000,5,3,1,1500,50,Sidesplit 4,Finished,2021,379000,2020,4300,110.04,49.02,712570192,Parkwood Gardens,ResidentialProperty,43.51699856,-80.27275467
17 KNEVITT PLACE,899900,08-Jun-21,885000,7,4,,1500,100,Sidesplit 5,Finished,,,2020,6108.26,107,90,-,Old University,ResidentialProperty,43.515778,-80.248716
17 MCTAGUE STREET,995000,01-Nov-21,1380000,5,4,1,2000,99,2 1/2 Storey,Finished,2021,564000,2021,6443,124,55.45,712990108,Exhibition Park,ResidentialProperty,43.55048813,-80.25824112
17 OLD COLONY TRAIL,875000,07-Jun-21,980000,6,3,1,1500,50,2-Storey,Finished,2016,444000,2020,4985.42,157.01,45.47,712200054,Kortright Hills,ResidentialProperty,43.50897657,-80.23971801
17 RIDGEWAY AVENUE,1399900,14-Sep-21,1600000,5,4,1,2500,99,2-Storey,Apartment,2021,648000,2021,7404.11,200,79.99,711860039,Pine Ridge,ResidentialProperty,43.51518507,-80.19434834
17 TRAILBROOK LANE,769900,18-Oct-21,821000,6,3,,1100,30,2-Storey,Full,2021,349000,2021,3987.71,101.71,29.53,713440191,Grange Hill East,ResidentialProperty,43.56090906,-80.22412371
17 UNIVERSITY AVENUE WEST,849900,24-Nov-21,1000000,7,3,1,1500,99,Sidesplit 4,Finished,2021,472000,2021,5393.11,56,99.84,712410045,Old University,ResidentialProperty,43.5327277,-80.2364068
17 WHITTAKER COURT,799000,19-May-21,950000,6,3,,,30,2-Storey,Finished,2021,388000,2021,4574,168.59,23.43,714890092,Kortright Hills,ResidentialProperty,43.50425967,-80.24483833
174 DEERPATH DRIVE,899900,27-Jul-21,900000,21,5,,,30,Backsplit 3,Sep Entrance,,,2021,5796,147.16,39.4,-,West Willow Woods,ResidentialProperty,43.52395191,-80.2697068
175 FARLEY DRIVE,879900,12-Nov-21,875000,14,2,1,1100,30,Bungalow,Apartment,2021,390000,2021,4560,104,49,711860671,Pine Ridge,ResidentialProperty,43.508003,-80.191975
177 GLASGOW STREET NORTH,989900,24-Sep-21,1175000,9,3,,2000,100,2 1/2 Storey,Half,2021,563000,2021,6288,104,52,712920096,Exhibition Park,ResidentialProperty,43.54601327,-80.25842587
179 HARVARD ROAD,739988,17-Aug-21,820000,10,4,,1100,50,Bungalow-Raised,Finished,,,2021,4090.54,108.27,54.46,712260089,Central West,ResidentialProperty,43.51753688,-80.22554025
18 BLAIR DRIVE,999900,26-May-21,1040000,9,5,,2000,30,2-Storey,Finished,2020,571000,2020,6458,,38,-,Pine Ridge,ResidentialProperty,43.51095592,-80.18694163
18 CARRINGTON PLACE,1099900,13-Oct-21,1149900,9,3,2,2500,30,2 1/2 Storey,Apartment,2021,546000,2021,6238,,24,-,Guelph South,ResidentialProperty,43.51160092,-80.2076691
18 CREIGHTON AVENUE,849900,01-Aug-21,887500,4,3,,1500,15,Bungalow,Full,2021,,2020,4906.82,110,39.48,714932361,Grange Hill East,ResidentialProperty,43.5716952,-80.2274831
18 PINNACLE CRESCENT,879900,03-May-21,880000,12,3,,1500,50,Bungalow,Finished,,,2021,4929.27,,60,-,West Willow Woods,ResidentialProperty,43.52388593,-80.27260889
18 SPRINGDALE BOULEVARD,599900,26-May-21,800000,6,3,1,700,50,Bungalow-Raised,Fin W/O,2020,309000,2020,3469.58,100,52,712570072,Parkwood Gardens,ResidentialProperty,43.51794567,-80.27341701
18 WALMAN DRIVE,699900,23-Nov-21,770100,6,3,2,1100,50,2-Storey,Finished,2021,353000,2021,4033.41,117.67,30.02,712230093,Hanlon Creek,ResidentialProperty,43.51568522,-80.22914566
180 COUNTRY CLUB DRIVE,669000,13-Aug-21,800000,2,3,1,700,50,Bungalow,Finished,2016,294000,2021,3359,117.9,36,713580472,Waverley,ResidentialProperty,43.57633209,-80.26855835
184 EDINBURGH ROAD NORTH,624900,01-May-21,785000,4,2,,700,100,Bungalow,Full,,,2020,4008.55,132,66.01,-,Onward Willow,ResidentialProperty,43.5416606,-80.2640555
184 WAVERLEY DRIVE,724900,21-Oct-21,724900,8,3,,,99,Bungalow,Finished,,,2021,3530.6,105,52,-,Waverley,ResidentialProperty,43.57246821,-80.25538606
186 RICKSON AVENUE,649900,09-Jun-21,710000,6,3,1,1100,30,2-Storey,Finished,,,2021,3873,117.01,31.17,-,Hanlon Creek,ResidentialProperty,43.51341525,-80.21178081
187 GOODWIN DRIVE,950000,29-Nov-21,1110250,5,3,,2000,15,Backsplit 5,Full,2021,447000,2021,5107.46,105,30,711863480,Pine Ridge,ResidentialProperty,43.512116,-80.1764871
188 STEVENSON STREET NORTH,419900,07-Jul-21,410000,8,3,,700,99,Bungalow,Part Bsmt,2016,234000,2021,2673.7,102.89,39.99,-,Central East,ResidentialProperty,43.5575373,-80.241065
189 GOODWIN DRIVE,949000,07-Oct-21,1050000,6,3,,1500,5,2-Storey,Full,2021,448000,2021,5118.89,104.99,30.18,711863481,Pine Ridge,ResidentialProperty,43.512139,-80.1764512
19 ALLISON PLACE,849900,15-Oct-21,785000,42,3,1,1100,50,Bungalow-Raised,Apartment,,,2021,4056.26,95,50.98,-,West Willow Woods,ResidentialProperty,43.51629936,-80.27646282
19 ATTO DRIVE,774900,14-Jul-21,907000,5,2,1,,,Bungalow,Finished,,,2021,4741,,46,230803002,Grange Hill East,ResidentialProperty,43.5826931,-80.2586272
19 CELIA CRESCENT,799999,14-Oct-21,860000,2,3,,1100,30,Backsplit 5,Full,2021,408000,2021,4662.17,125,49,712470386,Old University,ResidentialProperty,43.5264094,-80.2553493
19 KIMBERLEY DRIVE,819900,13-Oct-21,885000,6,3,1,1100,,Sidesplit 3,Walk-Up,,,2021,4837,90,73.31,-,Exhibition Park,ResidentialProperty,43.5518667,-80.2748377
19 MALVERN CRESCENT,1698000,30-Jul-21,1650000,25,4,1,3000,99,2-Storey,Finished,2021,712000,2021,8135,319,75,711860012,Pine Ridge,ResidentialProperty,43.51372536,-80.19537243
19 PORTER DRIVE,989900,01-Sep-21,982000,8,3,,1500,30,2-Storey,Finished,,,2021,5061.79,108,30,-,Pine Ridge,ResidentialProperty,43.50609528,-80.18878399
19 THORNHILL DRIVE,899900,17-May-21,1039900,5,3,,2000,50,2-Storey,Finished,,,2021,5715,196,55,-,West Willow Woods,ResidentialProperty,43.53390443,-80.29643719
19 WILTON ROAD,974900,06-Aug-21,1030000,1,3,1,1500,30,2-Storey,Full,,,2020,4993.2,131,36,-,Waverley,ResidentialProperty,43.57677117,-80.26919933
190 SEVERN DRIVE,685000,04-Aug-21,807000,7,3,,1500,15,2-Storey,Finished,2016,353000,2021,4033.41,110,29,713560677,Grange Hill East,ResidentialProperty,43.5775654,-80.2208664
192 AMBROUS CRESCENT,1100000,12-Nov-21,1370000,9,3,,2000,5,2-Storey,Full,,,2021,6880,115,39,715051291,Clairfields,ResidentialProperty,43.5275391,-80.2013406
193 DAWN AVENUE,1599900,28-Jun-21,1615000,10,4,1,2500,30,2-Storey,Apartment,2021,686000,2021,7838.3,190,50,714921016,Clairfields,ResidentialProperty,43.504605,-80.195359
193 LIVERPOOL STREET,549900,28-May-21,550000,25,2,,700,100,Bungalow,Crawl Space,,,2021,3379.75,59,38,-,Central West,ResidentialProperty,43.5433626,-80.261026
2 BLAIR DRIVE,1194500,15-Nov-21,1251000,3,4,1,3000,,2-Storey,Finished,2021,553000,2021,6318,,52,711860948,Guelph South,ResidentialProperty,43.510384,-80.187743
2 CHRISTOPHER COURT,750000,13-Sep-21,783000,4,3,,1100,50,2-Storey,Finished,2021,310000,2021,3542.09,69,39,712210012,Hanlon Creek,ResidentialProperty,43.511667,-80.238394
2 ELIOT PLACE,529900,26-Sep-21,655000,5,3,,1100,,Bungalow,W/O,,,2021,3416.4,122.74,29.86,-,Grange Hill East,ResidentialProperty,43.5657613,-80.237878
2 ERVIN CRESCENT,699900,14-Sep-21,892000,6,3,,1100,50,2-Storey,Finished,,,2021,4216.24,102.88,74.46,-,Kortright Hills,ResidentialProperty,43.511456,-80.232696
2 FOREST STREET SOUTH,1399900,05-Oct-21,1600000,5,2,3,3000,99,Bungalow,Finished,,,2021,8135.38,99,101,230806000,Old University,ResidentialProperty,,
2 WHISPERING RIDGE DRIVE,699900,02-Dec-21,800000,1,4,1,1100,50,2-Storey,Apartment,,,2021,3587.79,,47.93,712240031,Guelph South,ResidentialProperty,43.514713,-80.236311
20 CHARTWELL CRESCENT,619900,13-Jul-21,720000,4,2,2,,50,Backsplit 4,Finished,,,2021,3325,111.99,38.09,-,Old University,ResidentialProperty,43.51471579,-80.25257114
20 CREEKSIDE DRIVE,849999,25-Oct-21,855000,4,3,,1500,15,Backsplit 3,Finished,2021,363000,2021,4147,,44,-,Grange Hill East,ResidentialProperty,43.56931813,-80.21014709
20 GLADSTONE AVENUE,939999,09-Jul-21,940000,7,4,,1500,99,Sidesplit 3,Full,,,2021,5393,,56,-,Waverley,ResidentialProperty,43.56487926,-80.26129678
20 GLENBROOK DRIVE,829900,19-Oct-21,880000,6,3,2,,,Bungalow-Raised,Apartment,,,2021,3736,110,54,-,Brant,ResidentialProperty,43.57556616,-80.26430833
20 KINGSLEY COURT,1399900,05-Dec-21,1450000,3,5,,3000,99,2-Storey,Finished,2021,905000,2021,9988,,68,713030094,Waverley,ResidentialProperty,43.57263761,-80.26238175
20 LAURINE AVENUE,499800,28-Jun-21,480000,4,1,,700,99,Bungalow,Full,2021,201000,2021,2257,104,35,713240076,Central East,ResidentialProperty,43.55506783,-80.24201914
20 LEACOCK AVENUE,679900,16-Jun-21,670000,12,3,,,,2-Storey,Finished,,,2021,3290.71,100,30.48,-,Grange Hill East,ResidentialProperty,43.56349345,-80.23237891
20 ZECCA DRIVE,849900,05-Jul-21,865000,12,3,,1500,30,2-Storey,Unfinished,,,2021,4673.27,109.91,39.37,-,Pine Ridge,ResidentialProperty,43.51933493,-80.18941091
204 COLLEGE AVENUE WEST,699900,01-Jun-21,693000,22,6,,2500,,2-Storey,Unfinished,,,2020,5334,120,112,-,Old University,ResidentialProperty,43.523435,-80.244128
206 IRONWOOD ROAD,799900,10-May-21,955000,5,3,,1500,,Sidesplit 4,Finished,,,2020,4500,110,58.96,-,Hanlon Creek,ResidentialProperty,43.51158085,-80.23488901
209 ELMIRA ROAD SOUTH,750000,21-Oct-21,850000,2,3,1,1500,30,2-Storey,Full,,,2021,4216,109.91,50.52,-,West Willow Woods,ResidentialProperty,43.52047566,-80.28642774
21 BUCKTHORN CRESCENT,769900,21-Jul-21,772000,6,2,1,,30,Backsplit 3,Finished,2021,354000,2021,4040.84,,45.14,-,Grange Hill East,ResidentialProperty,43.56950491,-80.22362821
21 GREY OAK DRIVE,999900,21-Sep-21,1210000,7,3,,1500,30,2-Storey,Finished,2021,493000,2021,5633.06,104.99,45.77,711861128,Pine Ridge,ResidentialProperty,43.51642651,-80.18641549
21 LAW DRIVE,799000,15-Nov-21,983000,2,3,1,1500,30,2-Storey,Finished,,,2021,4101.99,116.2,32.7,-,Grange Hill East,ResidentialProperty,43.56771065,-80.21881117
21 MELROSE PLACE,899900,07-Jul-21,1066000,2,4,1,1500,30,2-Storey,Finished,2021,456000,2020,5120.16,113,38.55,712580436,West Willow Woods,ResidentialProperty,43.52649217,-80.27139593
21 MORRIS STREET,747000,14-May-21,725000,24,3,,1100,50,2-Storey,Finished,2021,313000,2021,3515,168,35,-,Central East,ResidentialProperty,43.55077697,-80.2363501
21 MUNROE CRESCENT,849900,11-Sep-21,925000,2,3,1,1500,30,Backsplit 3,Finished,2021,444000,2021,5073.18,104.99,40.35,714920637,Clairfields,ResidentialProperty,43.49998386,-80.19348505
21 PARKER PLACE,849900,13-Nov-21,922000,2,3,,,30,2-Storey,Finished,,,2021,4342,138,43,713580748,Waverley,ResidentialProperty,43.57707938,-80.26567482
210 COLLEGE AVENUE EAST,1299900,30-Aug-21,1320000,6,3,3,2000,99,Bungalow,Finished,2021,794000,2021,9072,209,70,-,Old University,ResidentialProperty,43.53755181,-80.22551344
210 GOODWIN DRIVE,999000,07-Dec-21,1110000,5,3,1,2000,15,2-Storey,Finished,2021,457000,2021,5221.72,117.26,37.73,711862803,Pine Ridge,ResidentialProperty,43.51384812,-80.17550456
211 COUNTRY CLUB DRIVE,799900,17-Sep-21,870000,3,3,,1500,30,2-Storey,Finished,,,2021,4101,137,36,-,Waverley,ResidentialProperty,43.57732623,-80.26681425
217 FLEMING ROAD,1199900,16-Nov-21,1301000,6,4,,2000,5,2-Storey,Unfinished,2021,515000,2021,5984.48,115,31,713561087,Grange Hill East,ResidentialProperty,43.5725142,-80.211146
218 SUMMERFIELD DRIVE,999900,08-Jun-21,1245000,7,3,1,2000,15,2-Storey,Finished,,,2020,7392,104.32,41.01,711860550,Pine Ridge,ResidentialProperty,43.5186554,-80.1819115
219 DUFFERIN STREET,689000,21-Oct-21,857000,3,3,,,,1 1/2 Storey,Full,,,2021,4715.94,129.25,37.99,71310008,Exhibition Park,ResidentialProperty,43.55757333,-80.2647022
219 ELMIRA ROAD SOUTH,899000,09-Nov-21,1150000,1,4,1,,,2-Storey,Finished,,,2021,5140,109.91,50.52,712540010,West Willow Woods,ResidentialProperty,43.5199023,-80.2849716
219 SUMMIT RIDGE DRIVE,989000,17-Nov-21,1250000,6,3,,2000,15,2-Storey,Finished,,,2021,5655.91,,38.66,713490315,Grange Hill East,ResidentialProperty,43.571571,-80.235725
22 ATTO DRIVE,874900,31-Jul-21,950000,2,3,1,2000,15,2-Storey,Finished,2021,517000,2020,5846.28,114.86,39.37,713570369,Brant,ResidentialProperty,43.581119,-80.2566487
22 BUCKTHORN CRESCENT,899900,03-Jun-21,900000,8,3,,2500,30,Bungaloft,Fin W/O,,,2021,5815.88,137,33,-,Grange Hill East,ResidentialProperty,43.56933318,-80.22373554
22 CHAD PLACE,579300,01-Jun-21,653000,5,4,,1500,50,2-Storey,Full,2021,404,2021,4516.28,113.75,39.97,712650024,West Willow Woods,ResidentialProperty,43.53868075,-80.28742048
22 YOUNG STREET,1195000,29-Jun-21,1331000,5,4,1,2500,5,2-Storey,Finished,2021,738000,2021,8432,109.84,44.06,-,Old University,ResidentialProperty,43.5277475,-80.2441274
221 ARTHUR STREET NORTH,464900,08-Sep-21,851000,12,2,,700,100,1 1/2 Storey,Crawl Space,,,2020,3559.41,128,70,-,Waverley,ResidentialProperty,43.5517471,-80.2530025
222 CARRINGTON DRIVE,899900,18-Oct-21,975000,5,3,,1100,,2-Storey,Full,,,2021,4970.35,104.99,30.18,-,Hanlon Creek,ResidentialProperty,43.51519862,-80.21064775
226 PAISLEY STREET,699000,09-Jun-21,692500,8,3,1,1100,99,1 1/2 Storey,Full,2021,392000,2021,4401,,42.47,-,Two Rivers,ResidentialProperty,43.54109705,-80.26109566
228 LIVERPOOL STREET,759500,17-May-21,750000,3,3,,1500,99,2-Storey,Full,,,2020,4828.88,121.44,44.48,-,Central West,ResidentialProperty,43.54250481,-80.26231335
23 BEAVER MEADOW DRIVE,949900,02-Jul-21,977500,15,3,1,1500,30,2-Storey,Fin W/O,,,2020,5735.27,112,36,-,Pine Ridge,ResidentialProperty,43.50991377,-80.18752459
23 DEVERE DRIVE,745600,28-Jun-21,830000,3,3,1,1100,,Bungalow,Finished,,,2021,5347,140,55.02,-,Old University,ResidentialProperty,43.51573697,-80.2520272
23 DOYLE DRIVE,799900,11-May-21,809000,29,2,,1100,30,Bungalow,Finished,,,2021,4135,106,46,-,Clairfields,ResidentialProperty,43.4993243,-80.1919704
23 ELIOT PLACE,529900,04-Sep-21,641250,7,3,,700,50,Bungalow,Full,,,2021,3260,100.61,21.7,-,Grange Hill East,ResidentialProperty,43.5660204,-80.23821329
23 MULLIN DRIVE,799000,02-Jun-21,780000,16,3,,1500,15,2-Storey,Finished,,,2021,2066.03,114.83,29.53,-,Brant,ResidentialProperty,43.5813532,-80.2597909
230 ALMA STREET NORTH,675000,21-Jul-21,702000,7,3,,,99,Bungalow,Finished,,,2021,3496,100,53,-,Onward Willow,ResidentialProperty,43.54220735,-80.27162248
231 GOODWIN DRIVE,929900,11-Jun-21,1010000,1,4,,1500,,2-Storey,Finished,2016,465000,2021,5256,105.73,33.94,-,Pine Ridge,ResidentialProperty,43.51275,-80.175557
236 SUMMERFIELD DRIVE,1149900,14-Jul-21,1200000,14,3,1,2000,30,2-Storey,Finished,,,2021,6284.35,105,40,-,Pine Ridge,ResidentialProperty,43.51880718,-80.18170882
24 BENNETT AVENUE,799900,01-Jun-21,760000,19,4,,1100,99,2-Storey,Finished,,,2021,3717,102,51,-,Two Rivers,ResidentialProperty,43.55745182,-80.24578296
24 CADILLAC DRIVE,799900,22-May-21,775000,8,3,1,700,99,Bungalow,Finished,,,2020,4938,100,67,713250017,Two Rivers,ResidentialProperty,43.55797698,-80.246506
24 GLENBROOK DRIVE,729000,28-Jun-21,900000,5,3,1,,50,Bungalow-Raised,Finished,2021,343000,2020,3851,110,55.09,713580596,Waverley,ResidentialProperty,43.57536457,-80.26460143
24 RIDGEWOOD AVENUE,710000,12-Jun-21,700000,3,3,,700,,Bungalow,Fin W/O,2021,318000,2021,3633.5,143,42,-,Onward Willow,ResidentialProperty,43.5373519,-80.2708187
24 VALLEYHAVEN LANE,799900,07-Sep-21,851500,5,3,1,1500,15,Backsplit 4,Full,,,2021,3793.46,115,31.17,-,Grange Hill East,ResidentialProperty,43.55964433,-80.22044337
240 DUBLIN STREET NORTH,1525000,04-Oct-21,1360000,32,5,,,,3-Storey,Full,,,2021,6352.91,138,60,-,Exhibition Park,ResidentialProperty,43.548258,-80.257945
240 SUMMERFIELD DRIVE,1200000,01-Sep-21,1175000,33,4,,2000,30,2-Storey,Fin W/O,2021,514000,2021,5873.01,105,46,711860539,Pine Ridge,ResidentialProperty,43.5156042,-80.1859542
241 STEPHANIE DRIVE,849900,17-Sep-21,965133,2,4,,2000,50,2-Storey,Finished,,,2021,5266,,56.23,712590051,West Willow Woods,ResidentialProperty,43.5240484,-80.2751485
249 FARLEY DRIVE,989900,16-May-21,1105000,1,4,,2000,30,2-Storey,Finished,,,2021,6455.74,,54,-,Pine Ridge,ResidentialProperty,43.510783,-80.188319
25 BOULDER CRESCENT,799900,09-May-21,840000,6,3,1,1500,,2-Storey,Fin W/O,,,2020,5313,104.99,29.53,-,Clairfields,ResidentialProperty,43.4949496,-80.19779118
25 FOXWOOD CRESCENT,995800,14-Jul-21,1250000,5,4,2,2000,50,2-Storey,Finished,,,2021,6135,81.81,123.26,-,Kortright Hills,ResidentialProperty,43.50276168,-80.24097495
25 PONDVIEW CRESCENT,1275000,01-Jun-21,1280000,7,4,1,,,Sidesplit 4,Apartment,,,2020,7298.47,113.92,50,-,Waverley,ResidentialProperty,43.57423426,-80.27056252
25 RAGLAN STREET,689900,13-May-21,790000,3,2,1,,99,2-Storey,Apartment,,,2021,3402.21,132,31,-,Onward Willow,ResidentialProperty,43.53975429,-80.26294761
25 RICHARDSON STREET,789900,24-Nov-21,798000,36,4,,1500,99,2-Storey,Unfinished,2021,378000,2021,4319.06,213.22,40.68,713390110,Two Rivers,ResidentialProperty,43.54299309,-80.23964761
250 ELMIRA ROAD SOUTH,769900,30-Aug-21,950000,6,4,,1500,50,2-Storey,Finished,,,2021,4810.38,103.35,50.98,712540080,Onward Willow,ResidentialProperty,43.51924591,-80.28261914
253 MACALISTER BOULEVARD,1289000,26-May-21,1280000,6,4,1,,5,2-Storey,Fin W/O,,,2020,6400,85.89,34.12,-,Kortright Hills,ResidentialProperty,43.5291853,-80.2000243
26 HIGH PARK DRIVE,699000,20-Sep-21,788000,3,3,,700,99,Bungalow,Full,2021,374000,2021,4273,121,55,712450029,Old University,ResidentialProperty,43.53140383,-80.24828323
26 PINETREE DRIVE,829900,08-Nov-21,960000,6,3,,1100,50,Bungalow-Raised,Finished,2021,376000,2021,4296,105,50,712540545,West Willow Woods,ResidentialProperty,43.52375585,-80.28322818
26 VISTA TERRACE,749900,23-Aug-21,850000,6,4,,,,Bungalow-Raised,Finished,,,2021,4490.45,107,40,713580420,Waverley,ResidentialProperty,43.57523172,-80.2683643
26 WIDEMAN BOULEVARD,899900,11-May-21,892000,12,3,,1500,15,2-Storey,Finished,,,2021,4502.59,115.5,31.43,-,Waverley,ResidentialProperty,43.58177027,-80.26601692
261 WATER STREET,599900,27-Sep-21,740000,5,3,2,1100,99,Backsplit 3,Part Bsmt,,,2021,3579.4,,56.04,-,Old University,ResidentialProperty,43.5307234,-80.2526047
27 BATHGATE DRIVE,1149000,23-Sep-21,1281000,9,3,,2000,50,2-Storey,Full,2021,575000,2021,6558,104.13,62.34,715040056,Village,ResidentialProperty,43.52147118,-80.2078883
27 BAXTER DRIVE,1499900,06-May-21,1510000,6,4,1,2500,15,2-Storey,Finished,2021,734000,2021,8241.72,117.29,52.58,-,Clairfields,ResidentialProperty,43.51502925,-80.17889994
27 CLYTHE CREEK DRIVE,719900,30-Aug-21,815000,7,3,,1500,30,2-Storey,Finished,2021,,2021,4562.67,109.96,31.17,-,Grange Hill East,ResidentialProperty,43.571427,-80.21826
27 ELGINFIELD DRIVE,999900,13-Nov-21,1175027,4,2,2,,,Bungalow,Finished,,,2021,6055.83,123.2,70,-,Grange Hill East,ResidentialProperty,43.5673945,-80.242046
27 EMENY LANE,1399900,03-Sep-21,1350000,44,4,1,3000,5,2-Storey,Full,,,2021,2800,100,49,-,Guelph South,ResidentialProperty,43.5180321,-80.2013607
27 GREEN STREET,1199900,04-Dec-21,1326000,39,4,,2500,100,2-Storey,Part Bsmt,,,2021,,,63,71292023,Exhibition Park,ResidentialProperty,43.54795443,-80.25588473
271 WEST ACRES DRIVE,795900,10-Aug-21,795900,7,3,,1100,,2-Storey,Full,2021,340000,2021,4079.93,100,50,712540362,Parkwood Gardens,ResidentialProperty,43.52044395,-80.27568423
273 ARTHUR STREET NORTH,849000,24-Aug-21,1040000,5,3,1,,99,Bungalow,Full,2016,531000,2021,6067.25,180.31,100.89,713190361,Central East,ResidentialProperty,43.55408717,-80.25524857
28 BLUERIDGE COURT,899900,15-Nov-21,999000,5,3,,,,Sidesplit 5,Fin W/O,,,2021,4924.64,181.85,39.79,712640092,West Willow Woods,ResidentialProperty,43.53631278,-80.28599192
28 EASTVIEW ROAD,699900,23-Sep-21,833000,6,3,1,1500,99,2-Storey,Finished,,,2021,4547.58,108,51.86,71348016,Grange Hill East,ResidentialProperty,43.566462,-80.24015353
28 ISLINGTON AVENUE,749900,17-Jul-21,780000,2,3,1,1100,50,Backsplit 4,Full,2021,384000,2021,4387.62,,40,713580665,Brant,ResidentialProperty,43.57826774,-80.26214062
28 WALMAN DRIVE,649000,26-Jun-21,649000,5,4,,1100,30,2-Storey,Finished,2021,331000,2021,3782,123.73,38.65,712230098,Kortright Hills,ResidentialProperty,43.515522,-80.228621
286 MACALISTER BOULEVARD,1050000,06-Oct-21,1101000,14,4,,2000,5,2-Storey,Full,2021,532000,2021,6079,,29,715050919,Village,ResidentialProperty,43.5291853,-80.2000243
288 MACALISTER BOULEVARD,1089900,03-Dec-21,1115000,16,3,1,,5,2-Storey,Finished,,,2021,5587.36,,28.51,-,Village,ResidentialProperty,43.5291853,-80.2000243
29 JULIA DRIVE,850000,26-Oct-21,990000,12,3,,1100,99,Bungalow,Part Fin,,,2021,3473.53,127,60,-,Onward Willow,ResidentialProperty,43.54227047,-80.26985544
29 KORTRIGHT ROAD EAST,1100000,03-Sep-21,1220000,2,4,2,2500,,2-Storey,Finished,,,2020,7073.91,133.21,64.97,-,Guelph South,ResidentialProperty,43.524133,-80.210773
29 MCTAGUE STREET,1419000,28-Jun-21,1370000,26,3,,,,Bungalow,Full,2021,591000,2020,6044.26,124,59,712990111,Exhibition Park,ResidentialProperty,43.5502304,-80.25859095
29 MERGANSER DRIVE,1235000,19-Aug-21,1100000,30,4,,2000,,Backsplit 4,Finished,,,2021,5210.3,138.83,47.89,-,Kortright Hills,ResidentialProperty,43.49725863,-80.24035358
29 WESTRA DRIVE,999900,17-Jun-21,1225000,3,4,,2500,15,2-Storey,Unfinished,2021,603000,2020,6770,129.27,49.29,714860798,West Willow Woods,ResidentialProperty,43.5232033,-80.30365688
291 WATERLOO AVENUE,599900,24-Nov-21,753000,7,3,,700,99,1 1/2 Storey,Full,2021,333000,2021,3804.89,,50.43,712800097,Onward Willow,ResidentialProperty,43.5336477,-80.2583486
3 BRAID PLACE,1299000,04-May-21,1505000,8,5,,2500,99,Bungalow,Full,2021,768000,2021,8623,164,132.28,712370085,Old University,ResidentialProperty,43.53481009,-80.23453691
3 FLANDERS ROAD,699900,05-Jul-21,825000,7,3,1,,,Bungalow,Full,,,2021,4480,,96,-,Old University,ResidentialProperty,43.514848,-80.245449
3 FRANCHETTO BOULEVARD,819000,28-Jun-21,788000,14,3,,,99,Bungalow,Finished,,,2020,3783.98,100.91,40,-,Central East,ResidentialProperty,43.556753,-80.2370515
3 HANEY DRIVE,949999,31-Jul-21,961000,3,2,2,1100,30,Bungalow,Finished,,,2021,5598.78,104.99,49.87,-,Pine Ridge,ResidentialProperty,43.50980929,-80.18672472
3 KEATS CRESCENT,899900,19-Aug-21,1243300,7,3,,1500,50,Sidesplit 3,Finished,2021,579000,2021,6615.71,131,50,-,Hanlon Creek,ResidentialProperty,43.51851431,-80.2204728
3 LINCOLN CRESCENT,699000,02-Jun-21,770000,6,3,,1100,99,1 1/2 Storey,Full,2021,366000,2021,4181.95,,84,713270036,Central East,ResidentialProperty,43.56308557,-80.24683393
3 MONTICELLO CRESCENT,1199000,02-Jun-21,1050000,54,4,2,2000,99,2-Storey,Finished,2021,626000,2020,7028.99,135,88.68,715050085,Kortright Hills,ResidentialProperty,43.525759,-80.221104
3 PEARSON STREET,799900,28-May-21,900000,3,3,,2000,15,2 1/2 Storey,Full,2021,476000,2021,5438.82,108,30.23,-,Pine Ridge,ResidentialProperty,43.50885,-80.18048833
3 SIMMONDS DRIVE,799900,05-May-21,891000,7,3,,1500,15,2-Storey,Full,,,2021,4682,114.83,36.58,-,Waverley,ResidentialProperty,43.57896162,-80.26987224
3 TEAL DR,985000,31-May-21,1125000,19,5,,,30,2-Storey,Finished,,,2020,6815.65,131,39,-,Kortright Hills,ResidentialProperty,43.49734138,-80.23349612
30 BORLAND DRIVE,889900,29-Jun-21,981100,4,4,,1500,30,2-Storey,Part Fin,,,2021,5130,,45.24,-,Clairfields,ResidentialProperty,43.49867264,-80.1981603
30 RODGERS ROAD,629000,12-Mar-21,631000,8,3,1,,30,2-Storey,Finished,,,2021,3604,112.49,30.18,714900639,Kortright Hills,ResidentialProperty,43.51394813,-80.2157212
303 AUDEN ROAD,629900,22-Nov-21,800000,5,2,,700,50,Bungalow,Finished,2016,331000,2021,3900,,32.48,714930148,Grange Hill East,ResidentialProperty,43.56335586,-80.22890886
31 BEAVER MEADOW DRIVE,1039900,02-Jun-21,1020000,28,3,1,1500,30,2-Storey,Fin W/O,,,2021,5267.2,111.55,36.09,-,Clairfields,ResidentialProperty,43.5096564,-80.1871799
31 TRAILBROOK LANE,700000,22-Jun-21,740000,6,3,,1500,30,2-Storey,Finished,2021,335000,2021,3827.74,102,30,713440198,Grange Hill East,ResidentialProperty,43.56132573,-80.22358855
31 WAVERLEY DRIVE,1124000,26-Oct-21,1200000,5,3,1,,,Bungalow,Finished,,,2021,6272.92,110,75,713080108,Waverley,ResidentialProperty,43.56792648,-80.26541656
31 WOODLAND GLEN DRIVE,999900,26-May-21,1211000,5,2,2,2000,,2-Storey,Fin W/O,,,2021,7168.22,132,58,-,Kortright Hills,ResidentialProperty,43.50781533,-80.24482969
32 CHELTONWOOD AVENUE,729900,19-Jul-21,775000,4,3,,1100,,Sidesplit 3,Full,2021,339000,2021,3873.44,103,75,713480208,Grange Hill East,ResidentialProperty,43.56785196,-80.24091524
32 CREIGHTON AVENUE,969000,01-Nov-21,1100000,4,3,,1500,15,2-Storey,Apartment,,,2021,4918.98,119.5,44.42,-,Grange Hill East,ResidentialProperty,43.5720528,-80.2266566
32 DARNELL ROAD,849900,10-Apr-21,820000,29,3,,1500,,2 1/2 Storey,Finished,,,2021,5010,104.4,30.92,-,Kortright Hills,ResidentialProperty,43.515059,-80.210903
32 MCLACHLIN PLACE,899900,29-Sep-21,1042000,7,3,2,1500,30,2-Storey,Full,,,2021,4947,115,45,-,West Willow Woods,ResidentialProperty,,
32 MCNULTY LANE,1425000,03-May-21,1600000,6,4,,2500,15,2-Storey,Part Fin,,,2020,7939,105,64,-,Pine Ridge,ResidentialProperty,43.51645971,-80.18403231
32 RYDER AVENUE,1475000,10-May-21,1475000,94,2,1,1500,0,Bungalow,Sep Entrance,,,2020,1785.32,121,47,-,Kortright Hills,ResidentialProperty,43.5162465,-80.2123403
324 VICTORIA ROAD NORTH,650000,22-Aug-21,695000,9,3,,700,99,Bungalow,Apartment,,,2021,3444.66,115,53,-,Waverley,ResidentialProperty,43.5728525,-80.2533394
33 FLANDERS ROAD,899900,19-Nov-21,893000,17,4,,1500,99,Sidesplit 4,Finished,,,2021,4030,110,60,-,Old University,ResidentialProperty,43.513063,-80.247691
33 HYLAND ROAD,999999,17-Oct-21,1075000,27,3,2,,,Backsplit 4,Finished,,,2021,5324,125,50,-,Brant,ResidentialProperty,43.57124819,-80.2452641
33 MCILWRAITH CRESCENT,619900,11-Jun-21,620000,7,2,1,,,Backsplit 4,Finished,,,2021,3004,120,30,-,Grange Hill East,ResidentialProperty,43.56532529,-80.23653249
33 PEER DRIVE,978000,25-May-21,1060000,12,3,1,,,2-Storey,Finished,,,2020,5681.58,,32.38,-,Kortright Hills,ResidentialProperty,43.49827946,-80.22813965
33 SAMUEL DRIVE,1099900,11-Sep-21,1095000,32,3,2,2000,15,2-Storey,Apartment,,,2021,5713,112,54,-,Pine Ridge,ResidentialProperty,43.51342452,-80.17442111
33 VANCOUVER DRIVE,649000,07-Sep-21,600000,53,2,,700,99,1 1/2 Storey,Full,,,2021,3279,,47.01,-,Central East,ResidentialProperty,43.56103283,-80.23851985
330 EXHIBITION STREET,1085000,12-Aug-21,1085000,28,3,1,1500,0,2-Storey,Apartment,,,2021,,100,36,712970411,Exhibition Park,ResidentialProperty,43.55550906,-80.26911977
339 WEST ACRES DRIVE,699900,31-May-21,910000,7,3,1,1100,50,Bungalow-Raised,Finished,2021,377000,2021,4307.64,,61,-,West Willow Woods,ResidentialProperty,43.51616545,-80.28012481
34 BAILEY AVENUE,750000,12-Jun-21,745000,4,3,,,,2-Storey,Finished,,,2020,3900,104.5,30.05,-,June Avenue,ResidentialProperty,43.55881331,-80.27406672
34 ERAMOSA ROAD,699900,03-Jun-21,695000,1,3,,1100,100,2-Storey,Full,,,2021,3812.05,,36.38,-,Central East,ResidentialProperty,43.55062433,-80.25045162
34 ERVIN CRESCENT,699900,22-May-21,825000,1,4,1,,,2-Storey,Finished,,,2021,4224,103.07,48.59,712220156,Kortright Hills,ResidentialProperty,43.5103851,-80.2316785
34 MUSKOKA DRIVE,749900,12-Aug-21,855500,7,3,,1100,50,Bungalow-Raised,Part Bsmt,2021,350000,2021,3990,120,47,713530134,Brant,ResidentialProperty,43.58026145,-80.25322668
342 WEST ACRES DRIVE,775000,10-Nov-21,980000,12,3,,2000,50,Sidesplit 4,Finished,,,2021,4788,98,51.79,-,West Willow Woods,ResidentialProperty,43.51591038,-80.28007776
346 KATHLEEN STREET,699900,09-Nov-21,925000,5,3,,700,99,Bungalow,Finished,2021,340000,2021,3884.87,120,60.01,712960122,June Avenue,ResidentialProperty,43.55680503,-80.274332
35 ASPEN VALLEY CRESCENT,899000,13-Oct-21,911000,9,4,2,1500,50,2-Storey,Finished,,,2020,4200,45.93,75.21,712210021,Kortright Hills,ResidentialProperty,43.511946,-80.238115
35 MELROSE PLACE,899900,10-Nov-21,928000,7,3,,1500,,Backsplit 3,Finished,,,2021,4647,,38.55,-,West Willow Woods,ResidentialProperty,43.52577323,-80.27207097
35 MOSS PLACE,820000,16-Aug-21,795000,25,3,1,1100,30,2-Storey,Finished,2021,377000,2021,4307.64,110,30,712290039,Kortright Hills,ResidentialProperty,43.515101,-80.21780199
35 RIDGEWAY AVENUE,999900,11-May-21,1300000,5,5,1,,,Bungalow,Finished,,,2020,6995,185,82,-,Pine Ridge,ResidentialProperty,43.51368492,-80.19364955
355 IMPERIAL ROAD SOUTH,799000,28-Aug-21,843000,10,3,1,,,Bungalow,Finished,2021,324000,2021,3702.05,109,51,712540530,Parkwood Gardens,ResidentialProperty,43.5233851,-80.27669155
357 KATHLEEN STREET,800000,,800000,12,3,2,1100,30,Bungalow,Part Fin,,,2020,4603,131.23,42.22,713020074,June Avenue,ResidentialProperty,43.55768421,-80.27526678
357 STARWOOD DRIVE,949900,13-Oct-21,949900,7,3,,1500,30,2-Storey,Fin W/O,2020,453000,2021,5176.02,110,45.34,714930261,Grange Hill East,ResidentialProperty,43.56826617,-80.22910733
36 SUGARBUSH PLACE,1099900,22-Jul-21,1095000,8,3,,2500,50,Other,Full,2021,660000,2020,7410.76,131,39.93,712660024,Onward Willow,ResidentialProperty,43.5367079,-80.2949242
36 WOODRIDGE DRIVE,749900,24-Oct-21,841500,3,3,,1100,50,Bungalow-Raised,Finished,,,2021,4147.67,100,54.99,-,Parkwood Gardens,ResidentialProperty,43.5153756,-80.282188
364 YORK ROAD,679900,30-May-21,700000,10,3,,1100,,2-Storey,Half,,,2021,4706,100,39,-,Village,ResidentialProperty,43.5487764,-80.2284644
367 STEPHANIE DRIVE,799900,04-Aug-21,810000,6,3,,1500,30,Sidesplit 4,Finished,,,2021,4591.73,110,52,-,West Willow Woods,ResidentialProperty,43.5216644,-80.28662164
37 ARBORDALE WALK,879900,06-Oct-21,1450000,7,4,,1500,30,Bungalow,Finished,2021,420120,2021,4800.33,,50,-,Village,ResidentialProperty,43.5292748,-80.21664404
37 COLUMBUS CRESCENT,949900,12-Oct-21,1200000,,4,,,,2-Storey,Full,2021,568000,2021,8100,114.67,60.01,-,Kortright Hills,ResidentialProperty,43.51980225,-80.2189525
37 DOYLE DRIVE,799900,13-Oct-21,825000,6,3,,1100,30,2-Storey,Finished,,,2021,4627,106,41,-,Clairfields,ResidentialProperty,43.4987816,-80.1926899
37 HILLCREST DRIVE,879000,08-May-21,850000,8,1,2,700,,Bungalow,Part Fin,,,2020,2941.85,112,50,-,Two Rivers,ResidentialProperty,43.55048639,-80.24134587
37 JUNE AVENUE,825000,16-May-21,795000,40,3,,,,Bungalow-Raised,Finished,,,2020,3875,104,64,-,Exhibition Park,ResidentialProperty,43.55411417,-80.27571386
37 KOCH DRIVE,749000,06-Aug-21,750000,13,3,,1100,50,2-Storey,Full,,,2021,3999.13,130.48,28,-,Hanlon Creek,ResidentialProperty,43.51442574,-80.22796089
37 TRIMBLE CRESCENT,1149000,08-Jun-21,1290000,5,3,,2000,15,2-Storey,Finished,2021,539000,2021,6158.66,,32,-,Grange Hill East,ResidentialProperty,43.57150191,-80.2262339
37 YOUNGMAN DRIVE,799900,18-May-21,872500,5,3,,1500,50,2-Storey,Finished,,,2020,4637.34,108.27,54.13,-,Kortright Hills,ResidentialProperty,43.51870529,-80.22711653
373 SPEEDVALE AVENUE EAST,869900,08-Dec-21,975000,6,3,2,,,Bungalow,Finished,,,2021,3952.4,120,52,-,Two Rivers,ResidentialProperty,43.5685239,-80.2540522
375 YORK ROAD,599000,22-Jul-21,585000,26,2,2,700,99,Bungalow,Finished,2021,,2020,2986.76,159,37.99,712370390,Two Rivers,ResidentialProperty,43.54863663,-80.22814607
38 BAXTER DRIVE,1199500,30-Aug-21,1360777,5,3,,,15,2-Storey,Finished,,,2021,6488.23,111.73,40.09,-,Pine Ridge,ResidentialProperty,43.51528397,-80.17887107
38 CAMM CRESCENT,949000,21-Sep-21,1023000,8,3,1,1500,30,2-Storey,Finished,,,2020,5131.39,103.6,26.69,71186043,Pine Ridge,ResidentialProperty,43.51226949,-80.19010363
38 CREIGHTON AVENUE,949999,17-May-21,995000,3,3,,,,2-Storey,Finished,2021,441000,2020,4951.73,114,43.9,-,Grange Hill East,ResidentialProperty,43.57220027,-80.22626117
38 CROSSINGHAM DRIVE,650000,13-Jul-21,675000,6,3,1,1100,50,2-Storey,Finished,2021,316000,2021,3610.64,105,30,712540758,West Willow Woods,ResidentialProperty,43.52369006,-80.28449679
38 DEERPATH DRIVE,849000,06-Nov-21,1068000,2,4,,,,2-Storey,Finished,,,2021,5667.34,113,51.32,-,West Willow Woods,ResidentialProperty,43.52579373,-80.27620067
38 FORSTER DRIVE,989500,12-Jul-21,1211000,6,4,,2500,50,2-Storey,Full,,,2021,6924.21,118.4,88.85,-,Village,ResidentialProperty,43.52744898,-80.21044137
38 KEATS CRESCENT,1125000,09-Aug-21,1150000,14,4,2,1500,50,Backsplit 4,Finished,2021,587000,2021,6707.6,105,51,712280109,Kortright Hills,ResidentialProperty,43.51715007,-80.21908016
38 MCCURDY ROAD,749000,06-Jul-21,728000,13,4,,,,2-Storey,Finished,2021,395000,2021,4513.31,114.83,31.71,714900741,Guelph South,ResidentialProperty,43.51144531,-80.21240578
38 SUNNYLEA CRESCENT,699000,30-Jun-21,850000,5,3,1,700,99,Sidesplit 3,Full,2021,349000,2021,4100,100,60,-,Waverley,ResidentialProperty,43.55924219,-80.25514534
38 WAXWING CRESCENT,699900,01-May-21,790500,4,3,,1100,30,2-Storey,Full,2021,372000,2021,4176.97,114.83,32.35,-,Kortright Hills,ResidentialProperty,43.49561242,-80.24311978
386 STEVENSON STREET NORTH,699900,03-Sep-21,810000,3,3,1,,,Bungalow,Finished,,,2021,3747.04,109,56,713120069,Waverley,ResidentialProperty,43.56459148,-80.25593453
39 FULLER DRIVE,758988,07-Sep-21,765700,28,3,,1100,30,2-Storey,Finished,,,2021,4009,108,31,714931547,Grange Hill East,ResidentialProperty,43.57152467,-80.21568367
39 KRON DRIVE,899900,29-Sep-21,896900,14,4,,1500,50,Sidesplit 3,Finished,2021,461000,2021,5267.43,105,52,-,Hanlon Creek,ResidentialProperty,43.51807387,-80.21825911
39 MALLARD COURT,769000,11-Jun-21,750000,8,2,1,,,Bungalow,Finished,,,2020,3900,124.83,29.66,-,Kortright Hills,ResidentialProperty,43.49866725,-80.24288918
39 TROY CRESCENT,529000,20-May-21,635000,8,2,,700,30,2-Storey,Finished,,,2021,3099.04,,28,-,Grange Hill East,ResidentialProperty,43.5679013,-80.23408542
39 WASHBURN DRIVE,1100000,01-Oct-21,1083000,26,5,,2000,15,2-Storey,Finished,2021,448000,2021,4500,111,44,714932040,Grange Hill East,ResidentialProperty,43.57011708,-80.23216849
398 WESTWOOD ROAD,849700,10-Aug-21,940000,5,3,,1500,30,2-Storey,Finished,2016,362000,2021,4136.24,99.2,37.99,712670307,West Willow Woods,ResidentialProperty,43.53468123,-80.296065
399 STARWOOD DRIVE,719900,23-Jun-21,725900,23,3,,1500,,Backsplit 3,Unfinished,2021,337000,2020,3783.98,124.46,36.24,714930244,Grange Hill East,ResidentialProperty,43.56927962,-80.23225081
4 BRONWYN PLACE,649900,01-Sep-21,661000,,3,,700,30,Bungalow,Full,2021,326000,2020,3660.46,107,30.54,712580572,West Willow Woods,ResidentialProperty,43.52802136,-80.27196364
4 GLENDA COURT,895000,04-Aug-21,950000,1,4,,1500,50,Sidesplit 4,Crawl Space,,,2021,4593.29,60,120,-,West Willow Woods,ResidentialProperty,43.5391876,-80.2848754
4 KINGSLEY COURT,779900,11-May-21,850000,6,3,1,1500,99,Sidesplit 3,Fin W/O,2021,349000,2020,3918.72,60,118.01,713030082,Waverley,ResidentialProperty,43.5730143,-80.2609082
4 LINKE PLACE,889000,08-Aug-21,903000,16,5,,1500,15,2-Storey,Full,2021,424000,2021,4760.85,110,30,713560791,Grange Hill East,ResidentialProperty,43.58152192,-80.22378113
4 ROSANNE STREET,699900,28-Jun-21,715000,5,3,,700,50,2-Storey,Finished,,,2021,3427.86,100,35,-,West Willow Woods,ResidentialProperty,43.51341835,-80.28043572
4 ROSEDALE AVENUE,786000,09-May-21,760000,4,3,,1100,99,Sidesplit 4,Full,,,2020,3896,67,94.16,-,Central East,ResidentialProperty,43.5580035,-80.24422
4 SUNRISE COURT,839500,15-Aug-21,815000,12,3,,1500,30,Sidesplit 4,Full,2020,393000,2021,4490.4,113.19,55.77,-,Parkwood Gardens,ResidentialProperty,43.516113,-80.28293155
4 WILTSHIRE PLACE,999900,07-Oct-21,1015000,8,4,,2000,50,2-Storey,Finished,,,2021,6090,177,55.77,712670264,Onward Willow,ResidentialProperty,43.532411,-80.2971014
40 DERRY STREET,1499000,22-May-21,1400000,24,3,1,2500,15,2-Storey,Finished,2021,707000,2021,7938.49,108.9,50,713190349,Waverley,ResidentialProperty,43.5530121,-80.2525428
40 ERVIN CRESCENT,899900,22-Nov-21,1015000,5,4,2,,,2-Storey,Apartment,,,2021,4890,,28.5,-,Hanlon Creek,ResidentialProperty,43.510183,-80.231422
40 FERMAN DRIVE,824900,25-Oct-21,940200,4,3,,1100,50,2-Storey,Finished,,,2021,4136.24,116.78,46.78,712600021,West Willow Woods,ResidentialProperty,43.53077301,-80.28603812
40 PHILIP AVENUE,699900,28-Sep-21,790000,4,3,,1100,99,Bungalow,Finished,2021,324000,2021,3702.05,103.89,52.99,713110041,Waverley,ResidentialProperty,43.56232345,-80.26057847
40 QUEENSDALE CRESCENT,649000,26-Sep-21,781000,3,3,1,1100,50,Bungalow-Raised,Finished,2016,384000,2021,4464,100,58.83,712560057,Parkwood Gardens,ResidentialProperty,43.51596558,-80.27436642
407 STARWOOD DRIVE,839900,30-Aug-21,870000,6,3,2,2000,30,2-Storey,Finished,2021,381000,2021,4353.34,,43,714930240,Grange Hill East,ResidentialProperty,43.56949973,-80.23278985
409 IMPERIAL ROAD SOUTH,599900,18-May-21,660000,4,3,,,,Bungalow,None,,,2021,3478,116.56,49.38,-,West Willow Woods,ResidentialProperty,43.52170995,-80.2727273
41 PAUL AVENUE,775000,14-Jul-21,956500,6,3,1,1100,,Bungalow,Finished,,,2021,4200,153,62,-,Central East,ResidentialProperty,43.5619958,-80.25925762
41 PHILIP AVENUE,775000,25-Aug-21,765000,12,3,,700,,Bungalow,Full,,,2021,3500,93,54,-,Waverley,ResidentialProperty,43.56220858,-80.26039957
41 REGENT STREET,799900,21-May-21,837500,3,2,1,2000,99,Bungalow-Raised,Finished,,,2020,4570,82.5,72,713370030,Two Rivers,ResidentialProperty,43.54933168,-80.24362269
41 WAGONERS TRAIL,1199900,29-Aug-21,1055000,11,3,,1500,50,2-Storey,Finished,2021,557000,2021,6353,228,27,712200169,College,ResidentialProperty,43.50932824,-80.24615513
41 WALMAN DRIVE,699000,19-Oct-21,875000,6,3,,,,2-Storey,Full,2015,280500,2021,4181.95,122,30,-,Kortright Hills,ResidentialProperty,43.51528513,-80.22784198
41 WILTON ROAD,974900,16-Jul-21,1080038,4,3,1,1500,30,2-Storey,Finished,,,2021,5061.76,133,36,-,Waverley,ResidentialProperty,43.57752411,-80.26816705
411 AUDEN ROAD,749999,22-Jul-21,690000,36,2,,,30,Backsplit 4,Finished,,,2021,3862.02,,44,-,Grange Hill East,ResidentialProperty,43.567567,-80.231957
42 BONAR PLACE,859900,02-Jul-21,850000,10,3,,,30,2-Storey,Sep Entrance,2021,391000,2021,4468,125,41.25,-,West Willow Woods,ResidentialProperty,43.52843545,-80.29562191
42 CALEDONIA STREET,1499900,05-Nov-21,1450000,21,8,2,,,1 1/2 Storey,Apartment,2021,654000,2021,7472.66,182.7,59.1,-,Old University,ResidentialProperty,43.530981,-80.238368
42 OAKRIDGE CRESCENT,1199900,18-Nov-21,1382500,6,3,,,,2-Storey,Part Fin,,,2021,6524,118,53,-,Pine Ridge,ResidentialProperty,43.51312232,-80.19141399
42 WATERLOO AVENUE,1100000,29-Aug-21,1050000,12,3,,2000,,2-Storey,Unfinished,2021,458000,2021,5233.15,110,33.07,712820056,Central West,ResidentialProperty,43.54024083,-80.25085401
42 WESTMINSTER AVENUE,779000,13-Jun-21,850000,6,3,,1500,,2-Storey,Full,,,2020,4401.9,130,54.99,713280040,Central East,ResidentialProperty,43.5674363,-80.24725034
43 OLD COLONY TRAIL,1095000,21-Oct-21,1150000,2,3,1,,50,2-Storey,Finished,,,2021,5850.16,124.91,53.12,-,Kortright Hills,ResidentialProperty,43.51026595,-80.24118755
43 SINCLAIR STREET,749900,04-Oct-21,863000,4,3,,1100,30,2-Storey,Finished,,,2021,4010.56,108,30,-,Pine Ridge,ResidentialProperty,43.50492742,-80.18395964
44 KIPLING AVENUE,849000,16-Jun-21,999999,6,4,,1500,50,2-Storey,Finished,2021,488000,2021,5994.68,112,50,712670060,West Willow Woods,ResidentialProperty,43.53168211,-80.29846294
44 PINE RIDGE DRIVE,999900,03-May-21,1195000,6,3,1,2000,30,2-Storey,Fin W/O,2021,583000,2020,6546.17,108,68.8,711860254,Pine Ridge,ResidentialProperty,43.51291873,-80.19060317
45 DRONE CRESCENT,989900,20-Oct-21,1121900,6,4,,2000,5,2-Storey,Finished,2021,459000,2021,5244.58,114,32.41,714860934,West Willow Woods,ResidentialProperty,43.52103455,-80.30665541
45 GREY OAK DRIVE,1250000,06-May-21,1225000,14,4,1,,,2-Storey,Fin W/O,,,2021,6939.34,105,40,-,Pine Ridge,ResidentialProperty,43.5174389,-80.1849942
45 HOLLAND CRESCENT,1219000,06-Jul-21,1200000,13,4,,2000,15,2-Storey,Finished,2021,604000,2021,6901.35,106,45,711862152,Pine Ridge,ResidentialProperty,43.51608912,-80.18969554
45 IRVING CRESCENT,1350000,03-Jun-21,1305000,16,5,3,3000,,2-Storey,Finished,,,2020,8892.21,110.31,47.88,-,Clairfields,ResidentialProperty,43.502338,-80.198065
45 SINCLAIR STREET,749900,01-Jun-21,871000,5,3,,1100,30,2-Storey,Finished,,,2021,4353.3,104,30,-,Pine Ridge,ResidentialProperty,43.50484246,-80.18384037
46 DARLING CRESCENT,659900,03-May-21,805000,4,3,,1100,,2-Storey,Finished,,,2020,3983.41,107,23,-,Pine Ridge,ResidentialProperty,43.50513472,-80.18819601
46 DEERPATH DRIVE,789900,18-Nov-21,898000,2,3,,1500,30,2-Storey,Finished,2021,407000,2021,4650.42,,39,-,West Willow Woods,ResidentialProperty,43.52597324,-80.27667265
46 GREENWICH DRIVE,749900,03-May-21,980000,4,4,,1500,50,Backsplit 3,Finished,,,2021,5100,,62,-,West Willow Woods,ResidentialProperty,43.533144,-80.2999694
46 TALBOT STREET,799900,14-Sep-21,930000,8,2,2,,,Bungalow,Apartment,,,2020,6444.82,94,56,712410087,Old University,ResidentialProperty,43.530674,-80.239312
46 WOODBOROUGH ROAD,999000,03-Dec-21,1150000,8,4,1,,,2-Storey,Finished,,,2021,5394,,55,-,Kortright Hills,ResidentialProperty,43.50804037,-80.22778134
47 CARRINGTON PLACE,849900,04-Dec-21,870000,11,3,1,1500,30,2 1/2 Storey,Finished,,,2021,4673.27,150.72,31.32,230806001,Guelph South,ResidentialProperty,43.51292567,-80.20678506
47 HILLCREST DRIVE,959900,19-Oct-21,940000,29,2,1,,,Bungalow-Raised,Finished,2021,519000,2021,5918.74,99,39.9,713370056,Two Rivers,ResidentialProperty,43.55088442,-80.24190022
47 HILLDALE CRESCENT,1099900,17-Oct-21,1225000,3,3,,2000,30,2-Storey,Finished,2021,512000,2021,5850,120,56,714900514,Hanlon Creek,ResidentialProperty,43.50690714,-80.22458229
47 MENZIE AVENUE,499999,08-Jun-21,640500,6,3,,700,,1 1/2 Storey,Full,,,2021,3222.15,80,34,-,Two Rivers,ResidentialProperty,43.54924461,-80.22422433
48 BALMORAL DRIVE,785000,05-Dec-21,985000,4,3,1,1100,99,2-Storey,Finished,,,2021,4467.6,110,56.23,713040061,Waverley,ResidentialProperty,43.57510035,-80.25824751
48 KEYS CRESCENT,999900,10-May-21,1175100,4,3,1,1500,15,Bungalow,Finished,2021,508000,2020,5740,117.32,57.32,714921082,Clairfields,ResidentialProperty,43.500586,-80.199768
48 SUNNYLEA CRESCENT,699900,19-Aug-21,690000,55,2,1,700,,Bungalow,Finished,,,2021,3953.43,96.58,91.6,-,Waverley,ResidentialProperty,43.55980538,-80.25484558
491 PAISLEY ROAD,499900,11-Jun-21,500000,14,3,,,,1 1/2 Storey,Full,2021,244000,2021,2788,100,50,712740098,Onward Willow,ResidentialProperty,43.53627463,-80.269438
497 PAISLEY ROAD,575000,18-May-21,570000,6,2,1,,,1 1/2 Storey,Finished,2021,251000,2021,3301,100,50,712740100,Onward Willow,ResidentialProperty,43.5361903,-80.2695545
5 ARBORDALE WALK,1199900,01-Nov-21,1860000,7,2,1,1500,15,Bungalow,Full,,,2021,4909,80,50,-,Village,ResidentialProperty,43.53093457,-80.21642886
5 CONRAD COURT,549000,18-Oct-21,735000,6,3,2,700,50,Bungalow,Finished,2021,302000,2021,3450.68,98,53.12,713470118,Grange Hill East,ResidentialProperty,43.563936,-80.234855
5 KOCH DRIVE,749900,28-Jun-21,801000,5,3,1,,50,2-Storey,Finished,,,2021,4216,161,29,-,Hanlon Creek,ResidentialProperty,43.51516808,-80.2289944
5 SAINT ANDREW STREET,850000,28-Apr-21,855000,7,4,1,1500,99,1 1/2 Storey,Finished,,,2020,4211,75,63,-,Exhibition Park,ResidentialProperty,,
5 SIMCOE STREET,615000,01-Sep-21,606000,54,3,1,1100,,1 1/2 Storey,Full,,,2020,2942,122.29,44.19,713430091,Two Rivers,ResidentialProperty,43.55288446,-80.22739892
5 WIDEMAN BOULEVARD,988800,14-Sep-21,1095000,5,3,1,2000,15,2-Storey,Finished,2021,447000,2021,5152.46,113,31,713581153,Brant,ResidentialProperty,43.5805247,-80.2674155
50 HURON STREET,499900,22-May-21,475000,23,2,,700,100,Bungalow,Unfinished,2021,246000,2020,2762.43,74,40,713420013,Central East,ResidentialProperty,43.5490916,-80.238028
512 WHITELAW ROAD,599900,04-Jun-21,590000,9,3,,,,2-Storey,Finished,,,2020,3413,100,43,-,West Willow Woods,ResidentialProperty,43.51444286,-80.28101294
516 PAISLEY ROAD,574900,13-Jul-21,575000,14,4,,1100,99,1 1/2 Storey,Crawl Space,,,2020,2504,100,49,-,Onward Willow,ResidentialProperty,43.5353374,-80.2701994
517 STARWOOD DRIVE,860000,28-May-21,925000,3,3,,1500,15,2-Storey,Finished,,,2021,4730.4,118.57,30.28,-,Grange Hill East,ResidentialProperty,43.57185556,-80.23621259
52 STARVIEW CRESCENT,739900,27-Jun-21,745000,12,3,1,1100,30,2-Storey,Finished,,,2020,3997.32,109.91,31.82,714930351,Grange Hill East,ResidentialProperty,43.56596694,-80.22820255
52 TORONTO STREET,749900,30-May-21,725000,24,3,1,1500,100,2 1/2 Storey,Finished,2021,321000,2020,3686.36,66,33,713400043,Two Rivers,ResidentialProperty,43.5440785,-80.2366302
52 WATT STREET,499900,22-Sep-21,678910,7,3,,1100,30,2-Storey,Finished,,,2020,3197,,60,-,Grange Hill East,ResidentialProperty,43.56641265,-80.23438566
53 PERIWINKLE WAY,779900,27-May-21,840000,8,3,1,1100,30,2-Storey,Finished,,,2021,4525,105,33,-,Pine Ridge,ResidentialProperty,43.51032275,-80.19033838
539 STARWOOD DRIVE,949900,24-Jun-21,1035000,2,3,,2000,15,2-Storey,Finished,,,2021,5244.58,114.45,30.28,-,Grange Hill East,ResidentialProperty,43.57285905,-80.23490596
54 BUSHMILLS CRESCENT,849900,22-Jul-21,845000,22,3,,1500,30,Backsplit 4,Finished,2021,388000,2021,4641.9,,30.54,-,West Willow Woods,ResidentialProperty,43.52828215,-80.27792174
54 CLIVE AVENUE,1050000,09-Nov-21,1502000,6,3,,,,Bungalow,Finished,,,2021,5073.18,155,73,-,Waverley,ResidentialProperty,43.56542707,-80.2658397
54 KOCH DRIVE,639900,29-May-21,660000,4,3,,1100,50,2-Storey,Part Fin,2021,346000,2020,3885.04,112,40,712230166,Guelph South,ResidentialProperty,43.51478369,-80.227278
540 COLLEGE AVENUE WEST,769000,03-May-21,725000,32,3,,700,50,Bungalow,Finished,2021,378000,2020,4450,,54,712500010,College,ResidentialProperty,43.51496033,-80.25569131
541 STARWOOD DRIVE,849900,27-Oct-21,975000,5,3,1,1500,15,2-Storey,Full,2021,472000,2021,5393.11,113.83,30.28,713490299,Grange Hill East,ResidentialProperty,43.57294905,-80.23477259
55 VANCOUVER DRIVE,749000,12-May-21,722000,14,2,2,,,Bungalow,Finished,2021,325000,2021,3478,117,60,713290104,Central East,ResidentialProperty,43.5621988,-80.2397615
556 STARWOOD DRIVE,989900,05-Oct-21,1150000,7,3,,,15,2-Storey,Fin W/O,,,2021,5713.05,108.25,29.8,-,Grange Hill East,ResidentialProperty,43.573711,-80.234007
561 KORTRIGHT ROAD WEST,679900,22-Sep-21,791000,5,3,1,,50,Bungalow-Raised,Finished,,,2021,3436,110,60,-,Hanlon Creek,ResidentialProperty,43.508878,-80.231376
57 KOCH DRIVE,689900,04-Oct-21,739000,3,3,2,1100,50,2-Storey,Fin W/O,2021,361000,2021,4124.82,106,29.82,712230129,Hanlon Creek,ResidentialProperty,43.51471069,-80.22700358
57 PAUL AVENUE,780000,06-May-21,780000,9,5,,,50,Bungalow,Finished,2021,349000,2020,3918.72,97.4,60.01,713110097,Waverley,ResidentialProperty,43.5628498,-80.2581034
58 BUSHMILLS CRESCENT,699900,15-Jun-21,760000,6,3,1,,30,2-Storey,Finished,,,2020,4444.75,111.6,30.54,712580175,Parkwood Gardens,ResidentialProperty,43.52814843,-80.27810288
58 CARRINGTON PLACE,1099000,26-Nov-21,1099000,14,3,2,,,2-Storey,Apartment,,,2021,6512.87,145.01,31.17,714920515,Guelph South,ResidentialProperty,43.51258281,-80.20666055
58 MUNROE CRESCENT,999900,04-Sep-21,1140000,5,4,,2500,30,2-Storey,Finished,2021,612000,2021,6992,121,39,71492066,Clairfields,ResidentialProperty,43.49937261,-80.19476481
58 SLEEMAN AVENUE,729900,20-May-21,780000,9,3,1,700,,Bungalow,Finished,,,2020,3379.75,100,54.99,-,Onward Willow,ResidentialProperty,43.5378571,-80.2746881
59 PORTER DRIVE,999900,08-Oct-21,990000,39,3,,,,2-Storey,Finished,,,2021,5919,103.47,30.38,-,Pine Ridge,ResidentialProperty,43.50493732,-80.19019567
59 VANIER DRIVE,899900,12-May-21,965000,6,4,,1500,99,2-Storey,Finished,2021,452000,2020,5075.25,100,54.99,712470111,Old University,ResidentialProperty,43.52466331,-80.24747088
595 ERAMOSA ROAD,689900,31-Aug-21,685000,55,5,,2000,100,2-Storey,Full,,,2021,4727.14,,78.18,-,Grange Hill East,ResidentialProperty,43.568971,-80.247579
6 BAGOT STREET,699900,05-Oct-21,725000,8,2,,1100,,2-Storey,Full,,,2021,3439,80,44,-,Onward Willow,ResidentialProperty,43.5397412,-80.2647965
6 HAMEL AVENUE,849900,05-Jul-21,830000,41,3,1,700,99,Bungalow,Finished,,,2020,4256,105,65,712940212,Exhibition Park,ResidentialProperty,43.54473117,-80.26540125
6 MALLARD COURT,849900,29-Jul-21,905000,6,3,1,1500,30,2-Storey,Finished,2021,418000,2021,4776.1,120,34,712150038,Kortright Hills,ResidentialProperty,43.49911764,-80.24124779
6 PRINCETON PLACE,850000,20-Sep-21,1138000,7,4,,2000,50,2-Storey,Finished,2021,603000,2021,6889.93,111.55,66.44,-,Kortright Hills,ResidentialProperty,43.5206228,-80.22746289
6 QUAIL CREEK DRIVE,999900,11-May-21,1150000,5,3,1,,,2-Storey,Fin W/O,,,2020,5513,123,53,-,Kortright Hills,ResidentialProperty,43.4991225,-80.2348544
6 WATT STREET,659900,01-Sep-21,676500,7,3,,,30,2-Storey,Full,2021,317000,2021,3800,114.62,38.25,713460149,Grange Hill East,ResidentialProperty,43.56817771,-80.23690111
6 WOLFOND CRESCENT,1299000,18-May-21,1280000,7,1,2,1500,99,Sidesplit 3,Finished,2021,573000,2021,6433.88,100,70.01,712390024,Old University,ResidentialProperty,43.53458004,-80.24336473
60 DUBLIN STREET NORTH,599900,14-May-21,620000,10,3,,700,100,1 1/2 Storey,Full,2021,350000,2021,3929.95,,38,-,Central West,ResidentialProperty,43.54312085,-80.25296135
60 KORTRIGHT ROAD EAST,1299900,18-Jun-21,1332500,2,2,2,2000,,Bungaloft,Finished,2021,676000,2021,7724.04,125,61,-,Guelph South,ResidentialProperty,43.52636808,-80.20847903
61 DEAN AVENUE,1750000,25-Oct-21,1675000,65,4,,2500,5,2-Storey,Unfinished,,,2021,,56.5,135,-,Old University,ResidentialProperty,43.5315152,-80.2409381
61 DOWNEY ROAD,1299900,01-Jun-21,1290000,5,3,2,2000,50,2-Storey,Apartment,2021,518000,2020,5918,151,58,-,Kortright Hills,ResidentialProperty,43.50310733,-80.23944389
614 WOOLWICH STREET,699900,06-Oct-21,860000,7,4,,1100,100,2-Storey,Part Fin,,,2021,3930.57,109.2,42.09,-,Exhibition Park,ResidentialProperty,43.55757648,-80.26730944
62 BOND COURT,824900,27-Jun-21,970000,4,3,1,1500,30,2-Storey,Apartment,,,2021,5495.95,165,24,-,West Willow Woods,ResidentialProperty,43.53477145,-80.29842083
62 CAMBRIDGE STREET,899900,20-Sep-21,951000,10,4,,2000,100,2-Storey,Part Bsmt,,,2021,5165,106.08,50,712880028,Central West,ResidentialProperty,43.54220099,-80.2570069
62 GALT STREET,649900,25-Aug-21,645000,7,3,1,1100,100,1 1/2 Storey,Finished,2021,299000,2021,3416,,30,-,Onward Willow,ResidentialProperty,43.5362445,-80.256526
62 GUELPH STREET,779900,28-Jul-21,780000,20,3,,1100,99,Bungalow,Finished,2021,411000,2020,4614.88,201.98,66.01,712750118,Onward Willow,ResidentialProperty,43.5400395,-80.27004144
62 KEATING STREET,1020000,13-Aug-21,1000000,9,4,,2000,0,2-Storey,Unfinished,,,2021,,100,30,-,Grange Hill East,ResidentialProperty,43.5663365,-80.2182068
62 MCARTHUR DRIVE,899999,15-May-21,1090000,1,4,,,,2-Storey,Finished,,,2020,6900,109.91,39.04,711862197,Pine Ridge,ResidentialProperty,43.50848471,-80.18284059
63 ALGOMA DRIVE,649900,19-Jul-21,630000,24,3,,,,Bungalow,Full,,,2021,3782.04,122.63,49.81,-,Brant,ResidentialProperty,43.57852157,-80.25689939
63 CHILLICO DRIVE,899900,02-Nov-21,1125000,7,4,1,,30,2-Storey,Finished,2016,423000,2021,4581.86,,27.33,714860324,West Willow Woods,ResidentialProperty,43.52867803,-80.3059353
63 DERRY STREET,1575000,10-Nov-21,1525000,7,4,,2500,100,2-Storey,Full,,,2021,8440,112.2,55.42,-,Waverley,ResidentialProperty,43.5535056,-80.2515404
63 DOYLE DRIVE,849900,30-Oct-21,865000,1,3,,1100,30,2-Storey,Finished,2021,393000,2020,4256.01,107,30,714920688,Clairfields,ResidentialProperty,43.4980872,-80.1936214
63 LAMBERT CRESCENT,779900,22-Jul-21,775000,16,4,,1100,50,2-Storey,Full,,,2021,4353,60,115,-,Old University,ResidentialProperty,43.514012,-80.24932
63 LYON AVENUE,849900,26-Oct-21,928500,5,3,,1500,99,2 1/2 Storey,Full,2021,457000,2021,5222,114,50,712980165,Exhibition Park,ResidentialProperty,43.548453,-80.264205
632 WOOLWICH STREET,829900,28-Nov-21,800000,25,4,,,,2 1/2 Storey,Full,,,2021,4993,105,53.34,-,Exhibition Park,ResidentialProperty,43.5658477,-80.2779014
64 ARTHUR STREET NORTH,999000,08-Nov-21,1175000,11,4,,3000,100,2-Storey,Full,,,2021,8123.95,123,66,-,Central East,ResidentialProperty,43.5487989,-80.24539633
64 LAUGHLAND LANE,1000000,27-Aug-21,1025900,6,4,1,2000,15,2-Storey,Full,2020,543000,2020,6097.03,109.91,36.09,-,Pine Ridge,ResidentialProperty,43.51078798,-80.17662548
64 MILSON CRESCENT,1149999,05-Nov-21,1140000,30,4,,2000,30,2-Storey,Finished,,,2021,6135.81,114.83,39.37,-,Kortright Hills,ResidentialProperty,43.50104103,-80.22961257
65 BEAVER MEADOW DRIVE,1199000,05-Jul-21,1210000,10,6,,2000,,2-Storey,Fin W/O,,,2021,6547.15,115,36,-,Pine Ridge,ResidentialProperty,43.50822106,-80.18541193
65 GIBBS CRESCENT,899900,08-Jun-21,1035000,5,3,1,2000,30,2-Storey,Finished,,,2020,5609.19,110,41,714920438,Clairfields,ResidentialProperty,43.49953205,-80.19634967
65 HASLER CRESCENT,1129000,02-Dec-21,1140000,8,4,1,2000,15,2-Storey,Finished,2016,516000,2021,5800.52,114.83,30.97,711862275,Pine Ridge,ResidentialProperty,43.5204141,-80.18819847
65 IMPERIAL ROAD NORTH,879900,10-May-21,849000,21,3,1,2000,50,Sidesplit 3,Full,2021,456000,2021,5200.78,,56,-,West Willow Woods,ResidentialProperty,43.52980108,-80.29325908
65 MOHAWK DRIVE,574900,07-Dec-21,685000,8,3,,700,99,Bungalow,Finished,,,2021,3634,57,110,-,Brant,ResidentialProperty,43.5763534,-80.2533824
65-67 ONTARIO STREET,648000,13-May-21,648000,15,4,,1100,100,2-Storey,Full,2021,289000,2020,3245.01,132,27.99,713400037,Two Rivers,ResidentialProperty,43.54462628,-80.2378278
653 GRANGE ROAD,1100000,14-Jun-21,1100000,,4,,2000,15,2-Storey,Full,2021,521000,2021,5850,111,40,713560211,Grange Hill East,ResidentialProperty,43.57541745,-80.2161629
66 MILSON CRESCENT,999999,13-Aug-21,1100000,11,4,,2000,30,2-Storey,Full,,,2021,6068,114.83,39.37,-,Kortright Hills,ResidentialProperty,43.50113154,-80.22974035
66 REVELL DRIVE,849000,28-Apr-21,900000,6,4,,1500,15,2 1/2 Storey,Full,,,2020,5209.99,133,26.81,714921286,Guelph South,ResidentialProperty,43.50975904,-80.19745776
66 WESTERN AVENUE,799900,24-Oct-21,960000,6,4,1,,,Backsplit 3,Finished,,,2021,4787.53,107,54,-,Onward Willow,ResidentialProperty,43.54036767,-80.27367825
66 WOODLAND GLEN DRIVE,799900,29-Jun-21,902250,6,3,,2000,50,2-Storey,Finished,,,2021,5621.64,127,56,-,Kortright Hills,ResidentialProperty,43.50725441,-80.24118745
661 WOOLWICH STREET,685000,01-Nov-21,640000,18,2,,,,Bungalow,Part Fin,2021,267000,2021,3050.8,,35,-,Waverley,ResidentialProperty,43.5592867,-80.2691574
67 HAYWARD CRESCENT,899900,03-May-21,900000,6,5,,2000,30,2-Storey,Apartment,2021,515000,2020,5783,105,55,714920154,Clairfields,ResidentialProperty,43.4973412,-80.1991127
67 KING STREET,1249900,17-May-21,1350000,6,3,,2500,30,2-Storey,Finished,2021,850000,2021,10021.33,159.39,50,-,Central East,ResidentialProperty,43.55075265,-80.24956047
67 ST. ARNAUD STREET,879900,19-Nov-21,850000,16,2,2,1500,99,2-Storey,Unfinished,2021,379000,2021,4330,100,50,-,Onward Willow,ResidentialProperty,43.53425252,-80.25879926
68 BAGOT STREET,799000,09-Aug-21,800002,81,6,,2000,100,1 1/2 Storey,Crawl Space,2016,384000,2020,4311,132,88.5,712770009,Onward Willow,ResidentialProperty,43.54127812,-80.26697468
68 DUMBARTON STREET,599900,03-Nov-21,805000,7,3,1,700,99,Bungalow,Finished,2021,339000,2021,3873.44,120,60.01,713060030,Waverley,ResidentialProperty,43.57201667,-80.25800603
68 THORNHILL DRIVE,739900,25-May-21,925000,6,4,,,,Bungalow-Raised,Finished,,,2020,3795.2,61.43,57.68,-,West Willow Woods,ResidentialProperty,43.532745,-80.3005174
68 UPTON CRESCENT,609900,07-Sep-21,675000,7,3,,1100,50,2-Storey,Finished,,,2021,3016.49,102,28,713450197,Grange Hill East,ResidentialProperty,43.5618818,-80.2305499
680 ERAMOSA ROAD,649999,29-Apr-21,700000,7,3,2,1500,,2-Storey,Finished,,,2020,3552.75,,75,713500053,Brant,ResidentialProperty,43.574001,-80.247144
69 CAMBRIDGE STREET,799900,12-May-21,915069,6,3,,1100,100,2-Storey,Full,2021,336000,2021,3772.75,75,19.51,712880046,Exhibition Park,ResidentialProperty,43.5421439,-80.2575273
69 REVELL DRIVE,849900,15-May-21,1000000,2,3,,,,Other,Unfinished,,,2021,5176,105,45,-,Guelph South,ResidentialProperty,43.50946354,-80.19746572
7 ALGOMA DRIVE,729900,14-Sep-21,850000,5,3,1,1100,99,Bungalow-Raised,Fin W/O,2021,363000,2021,4124.8,104,79.33,713530070,Waverley,ResidentialProperty,43.57750012,-80.2548617
7 ALLISON PLACE,829900,02-Dec-21,800000,15,3,,1100,50,Sidesplit 4,Part Fin,2021,347000,2021,3964.85,,71,712560137,Parkwood Gardens,ResidentialProperty,43.51615651,-80.27571546
7 BAGOT STREET,699900,24-Aug-21,725000,7,2,3,700,50,Bungalow,Full,,,2021,3747.76,66,66,-,Onward Willow,ResidentialProperty,43.5398665,-80.2646274
7 GLEBEHOLME CRESCENT,875000,18-Sep-21,867500,2,4,,1100,99,2-Storey,Full,2021,412000,2021,4707.55,114,68.64,712940026,Exhibition Park,ResidentialProperty,43.55191857,-80.2749852
7 HARTS LANE EAST,999900,05-May-21,1025000,9,4,,1500,30,2-Storey,Finished,2021,573000,2021,7005,170,59,715050334,Guelph South,ResidentialProperty,43.5197953,-80.20638793
7 HOLLYBERRY PLACE,899900,19-Jun-21,1075000,2,3,1,1500,50,Sidesplit 3,Finished,2021,468000,2020,5254.9,133,71.36,712540611,Onward Willow,ResidentialProperty,43.52203077,-80.28157624
7 PEARTREE CRESCENT,880000,05-Nov-21,875000,16,3,1,,,Bungalow,Finished,,,2021,3717.02,114.83,49.21,-,West Willow Woods,ResidentialProperty,43.53034731,-80.30010143
7 SHIRLEY AVENUE,799900,28-Jun-21,785000,17,2,1,1100,99,Bungalow,Finished,2021,348000,2020,3907.49,90,54.99,713250052,Central East,ResidentialProperty,43.55791377,-80.24561573
7 SOUTHCREEK TRAIL,749900,04-Oct-21,785000,5,3,,700,50,2-Storey,Finished,2021,322000,2021,3679.2,132,41,714900422,Kortright Hills,ResidentialProperty,43.51113725,-80.2164922
7 STANLEY STREET,1199900,27-Nov-21,1200000,2,3,1,2000,5,2-Storey,Finished,2021,448000,2021,5118.89,91,32.5,712970413,Exhibition Park,ResidentialProperty,43.5555819,-80.26986504
7 ZECCA DRIVE,1125000,19-Aug-21,1210000,8,4,,2000,,2-Storey,Finished,2021,523000,2021,6166,101,40,71186202,Guelph South,ResidentialProperty,43.5191009,-80.18941797
70 COLE ROAD,699900,13-Sep-21,750000,6,3,1,1100,50,2-Storey,Apartment,,,2021,4284.78,137.57,24.38,-,Hanlon Creek,ResidentialProperty,43.51530781,-80.23375567
70 KENSINGTON STREET,774900,01-Dec-21,1000000,7,3,1,1100,99,Bungalow,Full,,,2021,4147.67,110,70,713070018,Waverley,ResidentialProperty,43.56904313,-80.26276613
70 VICTORIA ROAD NORTH,599900,27-Oct-21,800000,5,3,,1100,99,Bungalow,Full,2021,322000,2021,3679,103,50,713310203,Central East,ResidentialProperty,43.55988748,-80.2352443
70 WILKIE CRESCENT,849000,16-Jul-21,920500,6,3,1,2500,15,2-Storey,Finished,2021,452000,2021,5164.59,110,30,711862679,Pine Ridge,ResidentialProperty,43.50906461,-80.17931118
70 YORK ROAD,699900,23-Apr-21,685000,30,3,1,1500,99,1 1/2 Storey,Part Bsmt,,,2020,4370,110,49,-,Two Rivers,ResidentialProperty,43.54151426,-80.24022592
72 BALMORAL DRIVE,799900,04-May-21,972000,6,3,,1100,99,Sidesplit 4,Finished,2021,399000,2020,4480.14,113.33,55,713040052,Waverley,ResidentialProperty,43.57483027,-80.25998121
73 PORTER COURT,999500,25-May-21,1090000,6,5,,3000,30,Bungalow,Finished,,,2020,5299.81,108,55,-,Clairfields,ResidentialProperty,43.507398,-80.190427
73 SOUTHCREEK TRAIL,879900,09-Sep-21,845000,64,1,2,,,Bungalow,Fin W/O,,,2020,4322.58,144.36,32.81,714900768,Kortright Hills,ResidentialProperty,43.50985033,-80.21624487
731 SCOTTSDALE DRIVE,684900,26-May-21,785000,9,3,3,,,2-Storey,Fin W/O,,,2020,4135.88,105,51.98,-,Hanlon Creek,ResidentialProperty,43.512785,-80.234311
74 MARSH CRESCENT,1050000,09-Aug-21,1150000,5,3,1,1500,30,2-Storey,Fin W/O,,,2021,5644,103,33,-,Pine Ridge,ResidentialProperty,43.5189629,-80.18294544
74 MARSHALL DRIVE,1200000,07-May-21,1125000,11,4,,2000,15,2-Storey,Full,,,2020,5625.44,115.28,41.54,-,Grange Hill East,ResidentialProperty,43.57254392,-80.20979592
74 RAGLAN STREET,745000,22-Nov-21,730000,4,3,,1100,100,1 1/2 Storey,Full,2021,333000,2021,3804.89,100,35,712790032,Onward Willow,ResidentialProperty,43.5385867,-80.26448896
747 SCOTTSDALE DRIVE,747500,25-Jul-21,716000,12,3,3,,,Bungalow,Finished,,,2021,3964.85,105,50.98,-,Kortright Hills,ResidentialProperty,43.5123272,-80.23256647
75 ALMA STREET SOUTH,599000,15-Jun-21,600000,7,2,,700,99,Bungalow,Part Fin,2021,303000,2020,3402,100,50,71280005,Onward Willow,ResidentialProperty,43.53417405,-80.26013808
75 CEDAR STREET,799900,24-Jun-21,880000,6,3,3,700,99,Bungalow,Finished,2021,333000,2021,3739.06,91,52.07,712470174,Old University,ResidentialProperty,43.53035564,-80.25184479
75 JOHNSTON STREET,575000,22-Jun-21,575000,13,2,,700,99,1 1/2 Storey,Part Fin,2021,291000,2020,3267,110,37.5,713410107,Two Rivers,ResidentialProperty,43.5490567,-80.2309044
75 REVELL DRIVE,849900,01-Jun-21,849900,15,3,,1100,15,2-Storey,Full,,,2020,4513.31,106,40.03,230806000,Clairfields,ResidentialProperty,43.50904887,-80.19753186
76 CASSINO AVENUE,725000,16-Jun-21,725000,1,2,1,700,50,Bungalow,Finished,2021,303000,2021,3402.21,135,50,230802001,Grange Hill East,ResidentialProperty,43.56036591,-80.23766167
77 IMPERIAL ROAD NORTH,789000,11-Oct-21,750000,13,3,1,1500,50,2-Storey,Finished,,,2021,4021,109.86,58.57,-,West Willow Woods,ResidentialProperty,43.5317425,-80.2940418
77 MCELDERRY ROAD,850000,13-Jul-21,955000,6,3,,1500,50,Sidesplit 3,Full,,,2020,5500,114.83,54.95,-,Hanlon Creek,ResidentialProperty,43.515554,-80.22139
77 NORMA CRESCENT,1549000,06-Oct-21,1700000,7,4,2,,,2-Storey,Apartment,,,2021,6761.47,166.79,41.99,-,Brant,ResidentialProperty,43.58346759,-80.2588316
77 THORNHILL DRIVE,899900,06-Jun-21,1077000,4,3,1,1500,50,2-Storey,Finished,2021,461000,2020,5176.3,155,47.83,712670042,West Willow Woods,ResidentialProperty,43.5327504,-80.3008789
78 AMSTERDAM CRESCENT,1274900,06-Dec-21,1550000,7,4,,3500,15,2-Storey,Apartment,,,2021,8204,105,37,711863036,Two Rivers,ResidentialProperty,43.51794242,-80.19149986
78 DEVERE DRIVE,769000,02-May-21,707500,224,3,,1100,,Backsplit 4,Finished,,,2020,4031,60,110,-,College,ResidentialProperty,43.512949,-80.247933
79 DUKE STREET,629900,22-Jul-21,620000,47,3,,1100,,2-Storey,Unfinished,,,2021,3154.96,132.58,31.04,-,Two Rivers,ResidentialProperty,43.54605169,-80.23935957
79 KORTRIGHT ROAD,729900,13-Oct-21,833000,7,3,,,,2-Storey,Full,2021,422000,2021,4821.81,,54.63,712300007,Kortright Hills,ResidentialProperty,43.522031,-80.2126236
79 PORTER COURT,991889,29-Jun-21,1080000,5,3,,,,2-Storey,Finished,,,2021,5919,108.27,36.09,-,Pine Ridge,ResidentialProperty,43.50717713,-80.19012925
8 BLACKBIRD CRESCENT,675000,17-Jun-21,728000,10,3,1,,,Bungalow,Apartment,,,2021,4159.1,102,45.01,-,Brant,ResidentialProperty,43.58034483,-80.25850293
8 FERGUS STREET,699900,10-Aug-21,700000,6,2,,1100,,Bungalow,Crawl Space,,,2021,3142,66,65,-,Exhibition Park,ResidentialProperty,43.5379028,-80.2562801
8 MARLBOROUGH ROAD,575000,06-Oct-21,685000,,3,1,700,99,Bungalow,Finished,,,2021,3930.57,104,66.01,-,Exhibition Park,ResidentialProperty,43.559033,-80.26165438
8 SHELBY PLACE,999900,03-Jun-21,1230000,2,4,,2000,30,2-Storey,Finished,,,2020,6009.75,,37.76,712580316,West Willow Woods,ResidentialProperty,43.5252222,-80.2705653
8 SOUTHAMPTON STREET,749900,13-Oct-21,832000,6,3,,1100,,1 1/2 Storey,Full,,,2021,4330,74,35.24,-,Central West,ResidentialProperty,43.54000746,-80.26054605
80 LIVERPOOL STREET,1199900,18-May-21,1325000,8,5,,3500,100,2 1/2 Storey,Full,2021,583000,2020,6344,106,33,712910085,Exhibition Park,ResidentialProperty,43.54533189,-80.25677725
80 LYNCH CIRCLE,749000,23-May-21,815000,6,3,,1100,30,2-Storey,Finished,,,2020,4646,108.27,30.18,-,Pine Ridge,ResidentialProperty,43.50664871,-80.1845926
80 MARLBOROUGH ROAD,799900,15-Jun-21,950275,5,2,,700,,Bungalow,Finished,2021,,2021,4200,,75,-,Two Rivers,ResidentialProperty,43.56283325,-80.26628153
81 MARSHALL DRIVE,1149000,01-Jul-21,1115000,22,4,,2000,15,2-Storey,Finished,,,2021,5713.05,117.7,49.43,-,Grange Hill East,ResidentialProperty,43.5720108,-80.20940855
82 ALMA STREET SOUTH,549900,20-Jul-21,580000,6,2,,700,99,Bungalow,Full,2021,283000,2021,3233.58,100,45,712800088,Onward Willow,ResidentialProperty,43.5342884,-80.2599531
82 MCARTHUR DRIVE,899000,23-Apr-21,970000,11,3,1,1500,,2-Storey,Finished,,,2020,5277.36,109.84,36,-,Pine Ridge,ResidentialProperty,43.50768754,-80.1817535
82 RHONDA ROAD,749900,21-Jul-21,745000,,3,1,1100,50,Bungalow-Raised,Finished,2021,342000,2021,3806.16,126.3,64.01,712610021,West Willow Woods,ResidentialProperty,43.5344592,-80.2828506
83 CEDAR STREET,699900,19-Jul-21,700000,12,3,,700,99,Sidesplit 3,Finished,,,2021,3919.14,64.62,71,712470171,Old University,ResidentialProperty,43.52993905,-80.25249514
83 WINSTON CRESCENT,540000,17-Aug-21,620000,4,2,,700,99,1 1/2 Storey,Full,,,2020,2919,111,50,713240051,Grange Hill East,ResidentialProperty,43.55591497,-80.24429742
85 ESSEX STREET,599000,12-Oct-21,778000,6,3,,,,1 1/2 Storey,Full,,,2021,3942,135,31,-,Central West,ResidentialProperty,43.53960281,-80.25021311
86 MARSHALL DRIVE,1250000,13-Jun-21,1235000,18,4,2,2000,15,2-Storey,Finished,,,2021,5737.72,113,42,-,Grange Hill East,ResidentialProperty,43.57203465,-80.20904605
86 MOUNTFORD DRIVE,699900,21-Oct-21,800000,8,3,1,,50,Bungalow,Finished,2021,326000,2021,3800,,54,713470029,Grange Hill East,ResidentialProperty,43.566526,-80.237663
86 UPTON CRESCENT,549900,21-Jun-21,650860,6,3,,700,50,2-Storey,Finished,,,2021,3210.73,100,35,-,Grange Hill East,ResidentialProperty,43.5618818,-80.2305499
87 ALMA STREET SOUTH,689900,20-Sep-21,852700,7,3,1,700,99,Bungalow,Finished,2021,329000,2021,3759,100,40,712800049,Onward Willow,ResidentialProperty,43.5338537,-80.2596799
87 FLEMING ROAD,749999,06-May-21,725000,10,3,,,,2-Storey,Finished,,,2020,3840,121,30,-,Grange Hill East,ResidentialProperty,43.56913257,-80.21529955
87 MEMORIAL CRESCENT,584900,21-Aug-21,590000,5,2,,,,Bungalow,Crawl Space,,,2021,2324.28,105.66,50,712780060,Central West,ResidentialProperty,43.53489946,-80.26765391
87 PHEASANT RUN DRIVE,799900,18-May-21,990000,5,3,1,1500,30,2-Storey,Finished,,,2020,4581.19,,79.73,712150095,Kortright Hills,ResidentialProperty,43.49549968,-80.24146344
882 PAISLEY ROAD,895000,20-May-21,947500,5,4,2,1500,30,Backsplit 3,Finished,,,2020,3550.32,110,40,712590260,West Willow Woods,ResidentialProperty,43.52692895,-80.28409145
884 PAISLEY ROAD,899000,15-Aug-21,1001000,,4,2,,,2-Storey,Apartment,,,2021,4799,109.91,39.7,-,West Willow Woods,ResidentialProperty,43.52687815,-80.28421666
9 CAROLYN COURT,987500,23-Aug-21,987000,6,3,2,1500,50,Bungalow-Raised,Part Fin,2021,477000,2021,5450.25,,54,712650180,West Willow Woods,ResidentialProperty,43.53918884,-80.28886594
9 DARLING CRESCENT,879000,06-Jun-21,878000,11,3,,1500,,2-Storey,Part Fin,,,2021,4900,108.27,30.18,-,Pine Ridge,ResidentialProperty,43.50420699,-80.1873959
9 DUCK LANE,1200000,18-Sep-21,1240000,2,3,2,2000,15,2-Storey,Apartment,,,2021,6193,109,36,-,Guelph South,ResidentialProperty,43.51106122,-80.17928438
9 FORSTER DRIVE,1224900,28-Sep-21,1342000,8,4,,2500,50,2-Storey,Full,2021,642000,2021,7335.55,131,59,-,Village,ResidentialProperty,43.52558833,-80.21036333
9 HALES CRESCENT,1050000,23-Jul-21,1060000,22,3,3,1500,,Bungalow,Finished,,,2021,6204.37,,57.72,712410110,Old University,ResidentialProperty,43.53210697,-80.2345863
9 HOLLYBERRY PLACE,750000,08-Aug-21,750000,5,3,,1500,50,Sidesplit 3,Full,2021,401000,2020,4502.6,133,40.81,712540610,West Willow Woods,ResidentialProperty,43.52196823,-80.28160786
9 JODI PLACE,859900,13-Oct-21,983000,7,3,,1500,50,Bungalow,Finished,2021,451000,2021,6337.59,,38,712620134,West Willow Woods,ResidentialProperty,43.5299249,-80.28698399
9 LONSDALE DRIVE,749900,16-Sep-21,810000,7,3,,,99,Sidesplit 3,Finished,2021,322000,2021,3615.5,100,56,712950146,June Avenue,ResidentialProperty,43.55316271,-80.2782292
9 NEWSTEAD STREET,749000,19-Oct-21,851000,6,3,,1100,99,Bungalow-Raised,Full,2021,391000,2021,4476.6,89.5,94.75,713500064,Brant,ResidentialProperty,43.57129874,-80.24808717
9 O'CONNOR LANE,750000,23-Aug-21,827000,6,3,,1100,30,2-Storey,Finished,2021,380000,2021,4341.91,116,32.82,714930864,Grange Hill East,ResidentialProperty,43.56799278,-80.21815438
9 PINETREE DRIVE,824900,23-Jun-21,820000,19,3,2,,,Bungalow-Raised,Apartment,2021,365000,2020,4098,,101,712540633,West Willow Woods,ResidentialProperty,43.52474855,-80.283433
9 SILVERSMITH COURT,850000,21-May-21,850000,8,3,1,,,2-Storey,Finished,,,2021,4200,,34.06,-,Hanlon Creek,ResidentialProperty,43.5109528,-80.2085202
9 UPLANDS PLACE,639900,22-Jul-21,700500,6,3,1,1100,50,Bungalow-Raised,Finished,2021,335000,2021,3828,110,49,713520072,Waverley,ResidentialProperty,43.57657075,-80.2482715
90 KORTRIGHT ROAD,1065000,26-Oct-21,1185000,7,2,3,,,Bungalow,Apartment,,,2021,6204.37,130,58,715050502,Kortright Hills,ResidentialProperty,43.522031,-80.2126236
90 VANCOUVER DRIVE,695000,23-Aug-21,777778,5,4,,1100,99,Bungalow,Finished,2021,330000,2021,3770.61,60,119,713290031,Two Rivers,ResidentialProperty,43.563709,-80.242377
91 STARVIEW CRESCENT,749000,22-Jul-21,825000,7,3,1,,,2-Storey,Finished,,,2021,4239.08,126,31,714930408,Grange Hill East,ResidentialProperty,43.5667951,-80.22712952
92 DOWNEY ROAD,1199999,21-Aug-21,1225000,5,3,1,2000,,2-Storey,Finished,2021,582000,2021,6649,,65,712180060,Kortright Hills,ResidentialProperty,43.5009871,-80.23827432
93 STEFFLER DRIVE,549900,20-Aug-21,630000,4,3,,1100,50,2-Storey,Finished,,,2021,4319,108,49.8,-,Hanlon Creek,ResidentialProperty,43.51024992,-80.23649551
93 TEAL DRIVE,898000,19-Aug-21,898000,14,3,,1500,30,Backsplit 5,Finished,2016,430000,2021,4913.22,131.46,32.81,712190276,Kortright Hills,ResidentialProperty,43.49764541,-80.22726588
94 THORNHILL DRIVE,1149900,11-Aug-21,1060000,34,3,,1500,,Bungalow,Finished,,,2021,5655.91,114.79,73.66,-,West Willow Woods,ResidentialProperty,43.5311344,-80.3013826
96 CEDARVALE AVENUE,739000,11-Jul-21,800000,11,3,,,,2-Storey,Finished,,,2021,4000,102.69,30.63,-,Grange Hill East,ResidentialProperty,43.56016906,-80.2223937
96 GROVE STREET,1149900,28-May-21,1150000,7,4,,1500,,2-Storey,Unfinished,,,2021,4787.53,127,67,-,Two Rivers,ResidentialProperty,43.5505445,-80.2406319
96 HARRIS STREET,899900,17-Nov-21,885000,61,3,1,1100,100,2-Storey,Half,2020,341000,2020,3829,110,50,713410099,Two Rivers,ResidentialProperty,43.54825375,-80.23094528
97 COLLEGE AVENUE WEST,899900,05-May-21,900000,7,4,2,1500,,Bungalow,Finished,2021,534000,2021,5995.97,106,90,712430067,Old University,ResidentialProperty,43.526971,-80.239868
97 GRANGE STREET,879900,14-Jul-21,830000,21,3,,2000,100,2 1/2 Storey,Full,,,2021,4433,152.71,48.33,-,Two Rivers,ResidentialProperty,43.55290463,-80.24015933
98 SOUTHCREEK TRAIL,824000,26-May-21,834000,6,3,1,,30,2-Storey,Finished,,,2020,4469,,38.99,714900750,Kortright Hills,ResidentialProperty,43.51101454,-80.21534303
99 KORTRIGHT ROAD WEST,699000,20-Jul-21,803600,8,3,2,,,Bungalow,Apartment,,,2021,3999.13,120,50,-,Kortright Hills,ResidentialProperty,43.51752928,-80.21619633
99 MAPLE STREET,1089900,05-Nov-21,1060000,11,3,1,,99,1 1/2 Storey,Finished,2021,530000,2021,6055.83,150,60,-,Old University,ResidentialProperty,43.5324836,-80.2444449
